
//{{BLOCK(ffix)

//======================================================================
//
//	ffix, 240x160@8, 
//	+ palette 256 entries, not compressed
//	+ bitmap not compressed
//	Total size: 512 + 38400 = 38912
//
//	Time-stamp: 2026-07-09, 21:02:43
//	Exported by Cearn's GBA Image Transmogrifier, v0.9.2
//	( http://www.coranac.com/projects/#grit )
//
//======================================================================

const unsigned int ffixBitmap[9600] __attribute__((aligned(4))) __attribute__((visibility("hidden")))=
{
	0x64646E63,0xA2A264A2,0xA2A2A2A2,0xA2A2A2A2,0xA264A2A2,0x64646464,0xA1E26E6E,0x7B7B21A5,
	0x96C47B39,0x96969657,0x96969696,0x96828296,0x82828282,0x82828282,0x92828282,0x61619282,
	0x82929292,0x7B7B7B7B,0x9B1C7B7B,0x9B9B6363,0x1CB69B63,0x9282131C,0x96EC7B82,0x13131382,
	0x13131313,0x13131313,0x13921313,0x82828282,0x82828282,0x79598282,0x8A797979,0x1C1C8A8A,
	0xB7B76D1C,0x7E1CB7B7,0xAFBA1A57,0x0CAFDD14,0x181818B8,0xB9C0B9B8,0xFFFE1876,0x7F5A6F34,
	0x26AD7E7E,0x0000220C,0x00000000,0x00000000,0x00000000,0x00000000,0x3B3B0000,0x5858223B,
	0x3B3B58B8,0x5858123B,0x58585812,0x003B5858,0x00000000,0x00000000,0x00000000,0xB8120000,
	0xC0C03B12,0xC0C0C0C0,0x00C0C0C0,0xC0C00000,0xA2A26464,0xA2A2A2A2,0xA2A2A2A2,0xA2A2A2A2,

	0xA2A2A2A2,0x646464A2,0x6E6E6464,0x7B21A5E2,0xEC7B397B,0x96575757,0x96969696,0x82828296,
	0x82828282,0x82826161,0x92828282,0x92929282,0x82829292,0x7B7B7B7B,0x9B1C7B7B,0x9B9B4363,
	0x1C1C9B9B,0x1382921C,0x96EC7B82,0x13132F82,0x13131313,0x13131313,0x13131313,0x82828213,
	0x82829082,0x7959C482,0x8A8A7979,0x1C1C8A8A,0xB7B76D1C,0x217BB7B7,0x14AFC339,0x76FFBA62,
	0x18181855,0x76B9B8B8,0xA78C5876,0x7F7E7EAD,0xDDC57F7F,0x0022F816,0x00000000,0x00000000,
	0x00000000,0x00000000,0x12120000,0x2222C03B,0x3BB8B8C0,0x58583B3B,0x58585858,0x003B3B58,
	0x00000000,0x00000000,0x00000000,0x223B003B,0x81C01258,0xC0C0C0C0,0x00C0C0C0,0xC0C00000,
	0xA2A2A2A2,0xA2A2A2A2,0xA2A2A2A2,0xA2A2A2A2,0xA2A2A2A2,0xA2A2A2A2,0x64646464,0xA5E26E6E,

	0x7B397B21,0x969696EC,0x96969696,0x82828296,0x82828296,0x82828282,0x82828282,0x92929282,
	0x82929292,0x7B7B7B7B,0x9B1C7B7B,0x9B9B9B9B,0x1CB69B9B,0x1382921C,0x96967B82,0x13138282,
	0x13131313,0x13131313,0x13139292,0x61828261,0x82828282,0x79797990,0x8A797979,0x1C1C8A8A,
	0xB76D6D1C,0x2121B7B7,0x87F3058E,0x18B26262,0x18181818,0x0376B855,0x498C8CB8,0x4EA56FAD,
	0xBA34347F,0x4703B2AF,0x00006B6B,0x00000000,0x00000000,0x00000000,0xC03B3B00,0x22C058B8,
	0xD65822D6,0x583B0022,0x585858FE,0x00001258,0x00000000,0x00000000,0x00000000,0xC03B0000,
	0xC0121222,0xC0C0C0C0,0x0081C0C0,0xB9C00000,0xA2A2A2A2,0xD3D3A2A2,0xD3A2D3D3,0xD3D3D3D3,
	0xD3D3D3D3,0xA2A2A2D3,0x6464A2A2,0x636E6E64,0x7B7B21A1,0x9696577B,0x96969696,0x82829696,

	0x82828282,0x82828282,0x82928282,0x92928282,0x82929261,0x7B7B7B7B,0x9B1C7B7B,0x6343439B,
	0x1CB69B63,0x9282921C,0x96C47BEC,0x13138282,0x13131313,0x13131313,0x1313822F,0x82828261,
	0x82828282,0x7979C482,0x8A797979,0x6D1C1C8A,0xB7B76DB7,0x2139B7B7,0x9F9F46D1,0x4DF2F3DD,
	0x1818184D,0x03B17618,0x89558C8C,0x367E7EF7,0x4E9E341F,0x0349FF46,0x003B81D6,0x00000000,
	0x00000000,0x00000000,0x3B581200,0x3BD6D612,0x58B8B8B9,0x3B00B822,0x8C58B858,0x00003B12,
	0x00000000,0x00000000,0x003B0000,0x1200003B,0xC03B1222,0xC0C0C081,0xC081C0C0,0x22000000,
	0xD3A2D3A2,0xD3D3D3D3,0xD3D3D3D3,0xD3D3D3D3,0xD3D3D3D3,0xA2D3D3D3,0xA2A2A2A2,0x6E646464,
	0x7BA5A16E,0xC4797B7B,0x96969696,0x82969696,0x82828282,0x82828282,0x82828282,0x92928282,

	0x96929292,0x7B7B7B7B,0x631C7B7B,0x63434343,0xB6B69B63,0x828292B6,0x96967979,0x13138282,
	0x13131313,0x13131313,0x822F1313,0x82822F92,0x82908282,0x79795982,0x8A797979,0x6D1C1C8A,
	0xB7B7026D,0xF72143B7,0xF3DD14B2,0x4DB1AFDD,0x18184D4D,0x554F4F18,0x1BE38C58,0x6F6F5714,
	0x4E9E934E,0xF80CEEF3,0x00B9D676,0x00000000,0x00000000,0x00000000,0xB83B0000,0x76221222,
	0xD622C081,0x3B22C022,0x58FE583B,0x00003B3B,0x00000000,0x00000000,0x00000000,0x12003B00,
	0xC03B22C0,0xC0C08122,0xC081C0C0,0x2200006B,0xD3D3D3D3,0xD3D3D3D3,0xD3D3D3D3,0xD3D3D3D3,
	0xD3D3D3D3,0xD3D3D3D3,0xA2A2A2D3,0x6464A2A2,0xA5E26E64,0xECEC7B7B,0x96969696,0x82969696,
	0x82828296,0x82828282,0x82828282,0x92929282,0x96929282,0x7B7B7B7B,0x437B7B7B,0x63634343,

	0xB6B66363,0x828282B6,0x96967979,0x13828296,0x13131313,0x13131313,0x132F1313,0x2F822F61,
	0x82828282,0x79597959,0x8A798A79,0x6D1C1C8A,0xB7B7B76D,0x6221B7B7,0xF3878767,0x4DF216DD,
	0x4D4D4D4D,0xFEF2F24D,0x1B6AFE58,0x7FA514DE,0xDD4E8F34,0x49D1D1F3,0x222218F2,0x00000000,
	0x00000000,0x00000000,0x3B3B3B00,0x585818D6,0x583BD676,0x58C0D647,0x22583B3B,0x00000058,
	0x00000000,0x00000000,0x00000000,0x00003B00,0x001222C0,0xC0C0B9B9,0x81C0C0C0,0x220000C0,
	0xD3D3D3D3,0x3A3AD3D3,0x3A3A3A3A,0x3A3A3A3A,0x3A3A3A3A,0xD3D3D3D3,0xA2A2D3D3,0x6464A2A2,
	0xE26E6E64,0x967B7BA5,0x96969657,0x82969696,0x82828282,0x82828282,0x82828282,0x82929282,
	0x96829282,0x7B7B7B7B,0x631C7B7B,0x43434343,0x1CB64343,0x967982B6,0x9696EC79,0x13828282,

	0x13131313,0x13131313,0x2F136113,0x2F828282,0x82828282,0x79795990,0x1C8A8A79,0x1C6D1C8A,
	0xB7B7B76D,0x7521B7B7,0xF3BA8775,0x6AB1F887,0xB14D4D4D,0xFE6AF24F,0x891BE358,0x6F36BA67,
	0x4EFCF97F,0xB2B27562,0xB9184D4F,0x00003B22,0x00000000,0x00000000,0x3B583B3B,0xD6762212,
	0xB976B858,0x22D6B8C0,0x583B123B,0x00003B58,0x00000000,0x00000000,0x3B000000,0x00000000,
	0x3B5822C0,0x81C02281,0x81C081C0,0xC0000081,0xD3D3D3D3,0x3A3AD3D3,0x3A3A3A3A,0x3A3A3A3A,
	0x3A3A3A3A,0xD3D3D3D3,0xD3D3D3D3,0xA2A2A23C,0x6E6E6464,0x797BA5E2,0x96969657,0x96969696,
	0x82828282,0x82828282,0x82828282,0x82828282,0x96618292,0x7B7B7B7B,0x637B7B7B,0x4343439B,
	0x1CB64343,0x82C4821C,0x969696C4,0x13828282,0x13131313,0x13138213,0x82132F61,0x82822F2F,

	0x90828282,0x79595959,0x8A8A8A79,0x1C6D1C1C,0xB7B76D6D,0xB2BEB7B7,0x62BA87F3,0x4D4D6A62,
	0xF26A184D,0xFE4D4FB1,0xF51B4DFE,0x36F387F5,0xF30B7F34,0x49A3F3DD,0xD6760349,0x00C02281,
	0x00000000,0x00000000,0x22C03B00,0x76221258,0x18585876,0xD62212D6,0x3B123BD6,0x00003B12,
	0x00000000,0x00000000,0x00000000,0x003B0000,0x12B92212,0xC022223B,0x81C081C0,0xC000C081,
	0x3A3A3A3A,0x3A3A3A3A,0x3A3A3A3A,0x3A3A3A3A,0x3A3A3A3A,0xD3D33A3A,0xD3D3D3D3,0xA2A2A2D3,
	0x6E6464A2,0x7BA5E26E,0x5796577B,0x96969696,0x82828296,0x82828282,0x82828282,0x82828282,
	0xC4828292,0x7B7B7B7B,0x637B7B7B,0x43434343,0x7BB64343,0x7982961C,0x9696C482,0x2F828296,
	0x92131313,0x132F8292,0x2F2F1313,0x82822F2F,0x90828282,0x8A797959,0x1C8A8A8A,0x6D6D1C1C,

	0xB7B7B76D,0x497BB7B7,0xDD878762,0x4D4D6AAF,0xF26A4D4D,0xFE4D1B4D,0x7DF51B55,0x75BA6723,
	0xBF5A5A7F,0xB2F3F32C,0x7676B103,0x22C0B9D6,0x00000000,0x00000000,0x123B0000,0x228C58B8,
	0x122276D6,0x583BD6B8,0x12C077D6,0x00003B3B,0x00000000,0x00000000,0x00000000,0x003B0000,
	0x1222583B,0x8147223B,0xC0C08181,0xC06B8181,0x3A3A3A3A,0x3A3A3A3A,0x3A3A3A3A,0x3A3A3A3A,
	0x3A3A3A3A,0xD33A3A3A,0xD3D3D3D3,0xA2A2D3D3,0x6464A2A2,0x21E26E6E,0x57577B7B,0x96969657,
	0x82829696,0x82828282,0x61828282,0x82828282,0xC4929282,0x7B7B7B79,0x637B7B7B,0x43436D6D,
	0x1CB64343,0x7982791C,0x96969682,0x82828296,0x79969213,0x1313797B,0x2F2F2F2F,0x8282822F,
	0x90908282,0x8A798A59,0x8A8A8A8A,0x6D6D6D8A,0xB7B76D6D,0x497BB7B7,0xBA87879F,0x4D4D4DB2,

	0xF2F24D18,0xFEE3F2B1,0x237D8918,0x6246AB23,0x8F5A5A75,0xA32CB22C,0x767676F8,0xC022D6D6,
	0x00003B22,0x00000000,0x3B000000,0x582222C0,0x77765858,0xC0B8C012,0xC077D6C0,0x00003B3B,
	0x00000000,0x00000000,0x00000000,0x003B3B00,0xC022C000,0x2247813B,0xC0818181,0xC0C04781,
	0x3A3A3A3A,0x3A3A3A3A,0x3A3A3A3A,0x3A3A3A3A,0x3A3A3A3A,0x3A3A3A3A,0xD3D33A3A,0xD3D3D3D3,
	0x64A2A2A2,0xA56E6464,0x7B967B21,0x96969696,0x82828296,0x82828282,0x82828282,0x61618282,
	0xC4828282,0x7B7B7B7B,0x437B7B7B,0x43436D6D,0x1CB64343,0x5982797B,0x96969682,0x82828296,
	0x7B217B82,0x13137B7B,0x2F2F612F,0x8282822F,0x90908282,0x79795990,0x8A8A8A8A,0x6D6D6D1C,
	0xB7B76D6D,0x491CB769,0xDDBA8787,0x4D4D4D89,0x0389B14D,0x5555B1F2,0xAB237D6A,0x9FACAC45,

	0x5A934667,0x4949B22C,0xD6762D49,0xB8D6B876,0x00C0B9C0,0x00000000,0x00000000,0xB858C03B,
	0x763B5812,0x583BC076,0xD6473B58,0x00003BC0,0x00000000,0x00000000,0x12000000,0x12123B00,
	0x2222C012,0x4747C012,0x81818181,0xC0814781,0x3A3A3A3A,0x3A3A3A3A,0x3A3A3A3A,0x3A3A3A3A,
	0x3A3A3A3A,0x3A3A3A3A,0xD33A3A3A,0xD3D3D3D3,0xA2A2A2D3,0x6F646464,0x7B7B21A1,0x96969696,
	0x82969696,0x92828296,0x82928282,0x82828282,0xC4928292,0x7B7B7B7B,0x437B7B7B,0x43436DB7,
	0x1CB64343,0x902F7B7B,0x82968259,0x82828282,0x79397B82,0x2F137B7B,0x2F2F2F2F,0x8282822F,
	0x90908290,0x8A795959,0x8A8A8A8A,0x6D1C6D1C,0xB7B76D6D,0x0CB6B7B7,0x62BA8787,0x4DB1B14F,
	0x4D89F24D,0x18554D89,0xACAB231B,0xAA5353AC,0x4E46D262,0x4F49A34E,0x76BD4F4F,0xD62218D6,

	0x2281C0B8,0x00000000,0x00000000,0x58583B3B,0x3B5858B8,0x3B582222,0x223B5812,0x00001247,
	0x00000000,0x00000000,0x3B000000,0xC0120000,0x22C03B00,0x772200C0,0xB981B947,0x22474781,
	0x3A3A3A3A,0x3A3A3A3A,0x3A3A3A3A,0x3A3A3A3A,0x3A3A3A3A,0x3A3A3A3A,0x3A3A3A3A,0xD3D3D3D3,
	0xA2A2A2D3,0xA5646464,0x7B7BA56E,0x96969696,0x96969696,0x82828282,0x82828282,0x92829282,
	0xC4928282,0x7B7B7B7B,0x431C7B7B,0x43436DB7,0x7BB64343,0x902F7B7B,0x82968279,0x82828282,
	0x797B8282,0x2F13797B,0x822F2F2F,0x82828282,0x90908282,0x8A797990,0x8A8A8A8A,0x6D6D6D1C,
	0xB7B7B76D,0xD5B6B769,0xF3BA8787,0x4DB1B11B,0x4DF2494D,0x18FE1889,0x53AC23F5,0x68686853,
	0x466746D7,0x4F49264E,0x762D2D4D,0x22D62277,0xC02247D6,0x00000022,0x00000000,0x583B3B3B,

	0x5858B858,0x58585812,0x3B581258,0x00002222,0x00000000,0x00000000,0x00000000,0x123B0000,
	0x22C00012,0x77813B58,0x4781B977,0x47778181,0x3A3A3A3A,0x3A3A3A3A,0x3A3A3A3A,0x3A3A3A3A,
	0x3A3A3A3A,0x3A3A3A3A,0x3A3A3A3A,0xD3D3D33A,0xA2A2D3D3,0xC86464A2,0x7B21E26E,0x96969696,
	0x96969696,0x82828282,0x82829692,0x82828282,0x79828282,0x7B7B7B79,0x437B7B7B,0x43B7B6B7,
	0x1CB6B643,0x59827979,0x9682821C,0x82828282,0x39966182,0x2F137939,0x2F2F2F2F,0x8282822F,
	0x59909090,0x8A797990,0x1C8A8A8A,0x6D6D6D6D,0x69B7B7B7,0xFF02B7B7,0xF3BA9E87,0xB1B1B149,
	0xB1B1D2B1,0x4DFE5589,0xAA53457D,0x3D3D3D68,0xACF3D780,0x4FA362E0,0x03BD764F,0x22D6D676,
	0xB8D6D681,0x120022C0,0x3B3B0000,0x3B3B3B3B,0x58225812,0x2258588C,0x3B582212,0x0022C03B,

	0x00000000,0x00000000,0x00C00000,0xC00000C0,0x22C000C0,0x4700C022,0x81224777,0x47778181,
	0x3A3A3A3A,0x3A3A3A3A,0x3A3A3A3A,0x3A3A3A3A,0x3A3A3A3A,0x3A3A3A3A,0x3A3A3A3A,0xD3D3D33A,
	0x3CD3D3D3,0x7BC1A2A2,0x7BA16E64,0x5757577B,0x96969696,0x82828282,0x82829292,0x92828282,
	0x79928282,0x7B7B7B79,0x437B7B7B,0x4343B643,0x7BB6B643,0x598279C4,0x8282828A,0x82828282,
	0xEC828282,0x2F2F79EC,0x2F2F2F2F,0x82829082,0x59909082,0x8A797979,0x1C8A8A8A,0xB76D6D6D,
	0x6969B7B7,0xD1B76969,0xF3BAF787,0xB1B1B149,0x4FB10CF2,0x4D58B8F2,0x6853AC23,0xF1942020,
	0xF3D760F1,0xB2F3E0AC,0xBD764F4F,0x47D676BD,0x774781B9,0xC02222D6,0x120000C0,0x3B3B123B,
	0x22583B3B,0x12588C22,0x58221258,0x22580000,0x00000000,0x00000000,0x006B0000,0xC0001200,

	0x816B00C0,0x2212C022,0x81227777,0x7747C047,0x3A3A3A3A,0x3A3A3A3A,0x3A3A3A3A,0x3A3A3A3A,
	0x3A3A3A3A,0x3A3A3A3A,0xD33A3A3A,0x3AD33A3A,0xA2D3D3D3,0x79633CA2,0xA56E6464,0x9657797B,
	0x96969696,0x82829696,0x96828282,0x82828296,0x79828282,0x7B7B7979,0x437B7B7B,0x436DB643,
	0x7BB61CC8,0x798282C4,0x90908A8A,0x82829090,0x82828282,0x2F137979,0x82822F2F,0x90829082,
	0x59909090,0x8A8A8A79,0x8A8A8A8A,0x6D6D1C6D,0x6969B7B7,0x46436969,0xF3F7349F,0xB1B1B1D5,
	0x49B149D5,0xF258FEB1,0x20685323,0x5CF1F120,0xFDF19A5C,0xF3E0E0F3,0xBD4F4F0C,0xD6767676,
	0x47B9B947,0x47777676,0x003BC0C0,0x12121258,0x583B1212,0x583BB8B8,0x223BC012,0x3B00003B,
	0x00000058,0x00000000,0xC0000000,0x1200C000,0xC000C0C0,0xC012B922,0xB9477777,0xE5818147,

	0x3A3A3A3A,0x3A3A3A3A,0x3A3A3A3A,0x3A3A3A3A,0x3A3A3A3A,0x3A3A3A3A,0x3A3A3A3A,0x3AD3D33A,
	0xD3D3D3D3,0x79193CD3,0xE26E6464,0xC4397B21,0x96969696,0x96829696,0x82828282,0x82828282,
	0x79828282,0x7B7B7B79,0xB67B7B7B,0x6D6D6DB7,0xC47BC4B6,0x59828296,0x11B43E8A,0x59598A8A,
	0x92828290,0x2F2F79EC,0x2F2F2F2F,0x90828282,0x59909090,0x8A8A8A79,0x6D8A8A8A,0x6D6D6D6D,
	0x696969B7,0xD7B76969,0xAFADAD62,0xB1B1B1FF,0xD51B8985,0x8958FE76,0x206853AC,0x54545CF1,
	0xF1285454,0xEEE046FD,0x2D03F875,0xD676762D,0x4722D6D6,0x760303D6,0x585822D6,0x12582200,
	0x128C5812,0x3BB8B858,0x3B581212,0x00003B58,0x00003B3B,0x00000000,0x81000000,0x0000C06B,
	0x3B00C058,0x3B1222B9,0x4777E547,0x77814722,0x3A3A3A3A,0x3A3A3A3A,0x3A3A3A3A,0x3A3A3A3A,

	0x3A3A3A3A,0x3A3A3A3A,0x3A3A3A3A,0x3AD3D33A,0xD3D3D3D3,0x797BA2D3,0x6E64642E,0x96397BA1,
	0x96969696,0x82829696,0x82828282,0x82828282,0x79618282,0x7B7B7979,0x6D7B1C7B,0xB6B66DB7,
	0x827B7B6D,0x798290CB,0x1173111C,0x2F2F822F,0x6161822F,0x2F2F7996,0x82822F2F,0x9082822F,
	0x90909090,0x8A8A8A79,0x1C738A8A,0x696D6D6D,0x69696969,0x14436969,0x751A3462,0xF2B1B1D1,
	0xFF494975,0x89FE5818,0x9420AAAC,0x5454545C,0x28545454,0x67D794F1,0x76F87575,0x77762D03,
	0x2247D6D6,0x2D2DD647,0xD622B803,0x22B83B22,0x12585858,0x22B85858,0x123B3B3B,0x0000123B,
	0x003B0000,0x00000000,0x81000000,0x00C06B81,0x3B00C0C0,0x00814781,0x4777E5B9,0x47814747,
	0x3A3A3A3A,0x3A3A3A3A,0x3A3A3A3A,0x3A3A3A3A,0x3A3A3A3A,0x3A3A3A3A,0x3A3A3A3A,0xD3D33A3A,

	0xD3D3D3D3,0xC47B10D3,0x6E646463,0x7B7B21E2,0x96969696,0x82969696,0x82828282,0x82828282,
	0x79828282,0x7B7B7B79,0xB67B7B7B,0xB6B6B66D,0xB39639B6,0x792F11DB,0x2F2F596D,0x2F2F2F82,
	0x13131313,0x2F2F8292,0x82822F2F,0x82828282,0x79909090,0x8A8A8A79,0x6D1C8A8A,0xE7E76D6D,
	0x696969E7,0xC3C6B369,0xAF57AD14,0x1B1B1B75,0xD1D549EE,0x89585818,0x5C203DEE,0x29295454,
	0x54292929,0xFDF1F128,0x4F1675D5,0x762D7676,0x47D6D677,0xA777D647,0xB8D62D2D,0xD66B4777,
	0xB85858B9,0x22585858,0x3B3B3B22,0x00123B3B,0x00000000,0x00000000,0x6B6B6B00,0x00006B81,
	0x00C05800,0xC0B922C0,0x47E5E5C0,0x47814747,0x3A3A3A3A,0x3A3A3A3A,0x3A3A3A3A,0x3A3A3A3A,
	0x3A3A3A3A,0x3A3A3A3A,0x3A3A3A3A,0xD33AD3D3,0xD3D3D3D3,0x797B63D3,0x6E64A202,0x7B7BA16E,

	0x96969696,0x82969696,0x82828282,0x82828282,0x79828282,0x7B7B7979,0x027B7B7B,0xB66DB6B6,
	0xB4B37BB6,0x8A599011,0x82827973,0x13138261,0x13131313,0x2F2F1313,0x8282822F,0x90908282,
	0x79905990,0x8A8A8A8A,0x6D6D8A8A,0xE7E76D6D,0x69696969,0x92B3B3B3,0x467BAD14,0x491B1B75,
	0xD167D5EE,0x89585818,0x5C943D53,0x29292954,0x29292929,0x60F15454,0xB216673D,0x2DD67603,
	0xD64777BD,0x76D67747,0xD62D2D2D,0xC0D677D6,0x58222276,0x585858B8,0x003B5822,0x0000003B,
	0x00000000,0x00000000,0x6B818100,0x00008181,0x00C0C03B,0xC047813B,0xE5E577C0,0x47474747,
	0x3A3A3A3A,0x3A3A3A3A,0x3A3A3A3A,0x3A3A3A3A,0x3A3A3A3A,0x3A3A3A3A,0xD33A3A3A,0xD3D3D3D3,
	0xD3D3D3D3,0x96B621D3,0x64A2A27B,0x7B21E26E,0x9696967B,0x82969696,0x82828282,0x82826182,

	0x79828282,0x79797979,0xB67B7B7B,0xB6B6B6B6,0xCEDBE7B6,0x8A909079,0x2F82798A,0x1313132F,
	0x13921313,0x2F2F1313,0x82822F2F,0x90828282,0x79C49090,0x8A8A8A8A,0x6D6D738A,0xE7E7E76D,
	0xB3696969,0x6DB3B3B3,0xD7B61A9F,0x671BD2E0,0x05D167D1,0xF2585818,0x97F12053,0xB4B42954,
	0x29292929,0xF1285429,0x67AC3D80,0xB9037649,0x47762D03,0x767777D6,0xBD2D2D76,0x7777D6D6,
	0x222276C0,0x5858B858,0x3B585858,0x00000000,0x00000000,0x00000000,0x8181C000,0x00C081C0,
	0xC0C0C000,0x2247C000,0xE5E581C0,0x47774747,0x3A3A3A3A,0x3A3A3A3A,0x3A3A3A3A,0x3A3A3A3A,
	0x3A3A3A3A,0x3A3A3A3A,0xD3D33A3A,0xD3D3D3D3,0xD3D3D3D3,0x96B69610,0x64A2A296,0x7BA56E6E,
	0x9657EC79,0x96969696,0x82928282,0x82828282,0x79828282,0x79797979,0xB67B7B7B,0xB6B6B6B6,

	0x59CEB36D,0x8A8A8282,0x8282798A,0x13131382,0x13131313,0x2F2F1313,0x82822F82,0x90908282,
	0x59909090,0x8A8A8A8A,0x6D6D7373,0x69E7E76D,0x32C6B369,0xCF323232,0x356D5787,0x751BE067,
	0x464685D1,0x18585818,0x545C94AA,0x1DA62929,0x29B4B41D,0xF1545429,0xAC3D3D60,0x7676F867,
	0x2D2D7622,0x7776D647,0xF82D7676,0x7676B877,0x2277C077,0x22B85822,0x12125858,0x00000000,
	0x00000000,0x00000000,0x81810000,0x0081C081,0x81C01200,0x4722C000,0x2DE581C0,0xD6477777,
	0x3A3A3A3A,0x3A3A3A3A,0x3A3A3A3A,0x3A3A3A3A,0x3A3A3A3A,0x3A3A3A3A,0xD3D3D3D3,0xD3D3D3D3,
	0xD3D32ED3,0x961C7B2B,0x64A2C182,0x7BE26E64,0x9657EC7B,0x82969696,0x82829682,0x82618282,
	0x79829282,0x79797979,0xB67B7B7B,0xB6B6B6B6,0x9073CE6D,0x79799082,0x82827979,0x13138213,

	0x13131313,0x2F2F1313,0x2F822F2F,0x90909082,0x11799090,0x738A8A8A,0xE7736D73,0xB36969E7,
	0x707032C2,0x70707070,0xC3C8D890,0xD71BEEA4,0x9F14EE85,0x58585818,0x545CF1AA,0xC2C2A629,
	0x29A61DC2,0xF1545429,0x68E680F1,0x76B1B2AC,0x2D767776,0x76D6772D,0x03760376,0x76D622F8,
	0xD6C047E5,0xB8582222,0x12125858,0x0000003B,0x00000000,0x00000000,0x81000000,0x3B816B81,
	0xC0B91200,0x7781C0C0,0x2D77C022,0xD647E5E5,0x3A3A3A3A,0x3A3A3A3A,0x3A3AD33A,0x3A3A3A3A,
	0xD33A3A3A,0xD3D3D3D3,0xD3D3D3D3,0xD3D3D3D3,0xD3D32ED3,0x96BE217B,0xA23C4396,0x6FE26E64,
	0x9657397B,0x96969696,0x82968282,0x82828282,0x79829282,0x79797979,0x1C7B7B7B,0xB6B6B6B6,
	0x82901173,0x79799090,0x8282C47B,0x13138282,0x13139213,0x2F131313,0x8282822F,0x90909082,

	0x8A595990,0x73738A8A,0xE7E76D73,0x32C2E7E7,0x70707070,0x41414170,0x909DF732,0xD7676723,
	0x14F7D785,0x5858FE4D,0xED5497EE,0x8BC2A629,0xA6C2DF32,0x5C542929,0x683D20F1,0x03B2AC68,
	0x2DBD7676,0xD677F876,0x032D7676,0xD622F803,0x2247E576,0x5822D6D6,0x125858B8,0x0000003B,
	0x00000000,0x00000000,0x6B000000,0xC0006B81,0x81C00000,0x47816BC0,0x2D818147,0xD6E5772D,
	0x3A3A3A3A,0x3A3A3A3A,0x3A3A3A3A,0x3A3A3A3A,0xD3D33A3A,0xD3D3D3D3,0xD3D3D3D3,0xD3D3D3D3,
	0x103CC110,0x967BB682,0xA2D37982,0xA56E6E64,0x9657577B,0x96969696,0x82828282,0x82828282,
	0x79828282,0x8A797979,0x1C7B7B7B,0xB6B6B6B6,0x8282908A,0x79797979,0x82827979,0x13138282,
	0x13131313,0x822F1313,0x82828282,0x90909082,0x8A909090,0x73738A8A,0xE7E7E773,0x707032B3,

	0x70707070,0x41414141,0x6DC8C341,0xD7E0D2E0,0xBA1A14E0,0xFEFEFE4D,0x2954547D,0x328B1D29,
	0x1DDF4195,0x5C5429B4,0x3D3DF1F1,0xB2AC6868,0x2D477618,0xE52D222D,0xF8767677,0x582D0303,
	0x81777677,0x58B82222,0x1212B858,0x0000003B,0x00000000,0x00000000,0x00000000,0x6B00C081,
	0x22C0006B,0x47C00081,0xE581B977,0x77E5E52D,0x3A3A3A3A,0x3A3A3A3A,0x3A3A3A3A,0x3A3A3A3A,
	0xD3D3D33A,0xD3D3D3D3,0xD3D3D3D3,0xD3D3D3D3,0x02D34310,0x967BB6C4,0xA2108282,0xA16E64A2,
	0x96573921,0x82969696,0x82828282,0x82928282,0x79828282,0x79797979,0x1C7B7979,0xB6B6B6B6,
	0x7982598A,0xC4798A8A,0x92138282,0x13138213,0x13131313,0x2F2F1313,0x82828282,0x90909090,
	0x8A119090,0x7373738A,0xC2E7E76D,0x70707070,0x41707070,0x41414141,0xC6C47341,0x1467A4D7,

	0xC39635E0,0xFEB8554D,0xB42997B8,0x328BC2B4,0xDF414195,0x5429B41D,0x3D94F15C,0x23AA683D,
	0x47035549,0x2D3B03B5,0x76767703,0x2D7676F8,0xD67776C0,0xB8B9D6C0,0x3B585858,0x00000000,
	0x00000000,0x00000000,0x00000000,0x0000816B,0x22C00000,0x81C0C022,0x77814777,0xE5E52D2D,
	0x3A3A3A3A,0x3A3A3A3A,0x3A3A3A3A,0x3A3A3A3A,0xD3D3D33A,0xD33C3C3C,0xD3D3D3D3,0xD3D3D3D3,
	0x821096C1,0x967BB67B,0xD3438282,0xA16464A2,0x963939A5,0x96969696,0x82829696,0x82828282,
	0x79828282,0x79797979,0x1C7B7B79,0xB6B6B6B6,0x79C41C1C,0x82828A73,0x82828282,0x13139282,
	0x13131313,0x2F2F132F,0x8282822F,0x90909090,0x738A9090,0x73737373,0x70C2E7E7,0x70707070,
	0x41417070,0x41414141,0x9BC34141,0x14D223C3,0xF757C375,0xFE08554D,0xB4B485FE,0x328BC21D,

	0x70414141,0xEDB41D5D,0xACAA9497,0x67232323,0x03184F89,0x0077A7E5,0x76760303,0x76764F76,
	0x4776C003,0x58D6C022,0x12585858,0x00000000,0x00000000,0x00000000,0x00000000,0x0000C000,
	0xB9120000,0x816B2222,0x81817747,0xE5E52D2D,0x3A3A3A3A,0x3A3A3A3A,0x3A3A3A3A,0x3A3A3A3A,
	0xD3D3D33A,0xD33C3C3C,0xD3D3D3D3,0x3C3C3CD3,0x82829063,0x967BB621,0xD3798282,0xA164A2A2,
	0x575739A1,0x96969696,0x82828296,0x82828282,0x79828282,0x79797979,0x1C7B7B79,0xB6B6B6B6,
	0x73791CB6,0x8282828A,0x82828282,0x13132F92,0x13131313,0x2F2F2F13,0x2F828282,0x90909090,
	0x8A8A9090,0xE76D7373,0x707070C2,0x70707070,0x41707070,0x41414141,0x44734141,0x14236757,
	0x927BC346,0xFE5555F2,0xB4FDFEFE,0x328BC21D,0x70414141,0xF5ACFD90,0xF51B6A1B,0xACAC8523,

	0x760389AC,0x12F80318,0x77767700,0x76F27676,0x76B97603,0x47C02222,0x3B5858C0,0x0000003B,
	0x00000000,0x00000000,0x00000000,0x00000000,0x81000000,0x81C02222,0x8147E547,0xBD2DB5E5,
	0x3A3A3A3A,0x3A3A3A3A,0x3A3A3A3A,0x3A3A3A3A,0x3CD3D33A,0x3C3C3CD3,0xD3D3D3D3,0x3C3C3CD3,
	0x82139002,0x967BB6B6,0x10828296,0xA563A2A2,0x575739A1,0x96969696,0x82829696,0x82828282,
	0x79828282,0x1C797979,0x1C797B79,0xB6B61CB6,0x598AB6B6,0x82967982,0x82828282,0x13138282,
	0x13131313,0x82822F2F,0x82902F2F,0x90909090,0x738A8A90,0xC2E77373,0x70707070,0x70707070,
	0x41414170,0x41414141,0xC47A4141,0x1423E0C8,0x96C4C3D7,0xB85555D5,0x6655FEFE,0x32C2C2C2,
	0x8517B332,0x2389B1B1,0x68AA53AC,0x53AA6868,0xE34FAC53,0xBD2D2276,0x764700C0,0x03767677,

	0xB9180376,0x22B922D6,0x3B585822,0x00000000,0x00000000,0x00000000,0x00000000,0x00000000,
	0x58120012,0xC0B92222,0x81777781,0xE52D2D47,0x3A3A3A3A,0x3A3A3A3A,0x3A3A3A3A,0x3A3A3A3A,
	0x3CD3D33A,0x3C3C3CD3,0x3CD3D33C,0xD33C3CD3,0x96135979,0x967B21B6,0x02828296,0x21969619,
	0x573921E2,0x96969657,0x82829696,0x82828282,0x79828282,0x797B7B79,0x1C79797B,0xB6B6B6B6,
	0x82791CB6,0x96829679,0x82828296,0x13828282,0x82131313,0x822F2F2F,0x822F8282,0x90C49090,
	0x73738A90,0x70C2CB73,0x70707070,0x70707070,0x41414170,0x41414141,0xC67A4141,0xD7233563,
	0x2179C314,0x5555E375,0xB1FEFEFE,0x291DC2CB,0xAC532097,0x602068AC,0x5CF1F1F1,0x6820205C,
	0xB1235353,0x03B81855,0x22003BB9,0x76767777,0x22767676,0xC0222222,0x1212C022,0x00000000,

	0x00000000,0x00000000,0x00000000,0x00000000,0xC0123B12,0xC0224722,0x817777B9,0x03B52D81,
	0x3A3A3A3A,0x3A3A3A3A,0x3A3A3A3A,0x3A3A3A3A,0xD3D3D33A,0x3C3C3C3C,0xD3D3D33C,0xA23CD3D3,
	0xC4135982,0x967B2121,0x82828282,0x21969696,0x5757A56E,0x96969657,0x82829696,0x82968282,
	0x79828282,0x79797979,0x1C79797B,0xB6B6B6B6,0x79901CB6,0xC4829682,0x82829696,0x13828282,
	0x13131313,0x2F2F2F13,0x9082822F,0x90799090,0x73737390,0xDFDFC2CB,0x70707070,0x41707070,
	0x41414141,0x41414141,0x7A7A7A41,0xE067579B,0xB6961456,0x5555E314,0xB8FEFEB8,0x291DB3D5,
	0x5C5C5454,0xFA28285C,0x549898FA,0x205C5CFA,0x7D535368,0xD6B8184D,0x0000C076,0x76D6D6B9,
	0x03187677,0x222222B9,0x12C0B93B,0x00000000,0x00000000,0x00000000,0x00000000,0x00000000,

	0xC03B123B,0x8122D622,0x47E54722,0x2DB5E581,0x3A3A3A3A,0x3A3A3A3A,0x3A3A3A3A,0x3A3A3A3A,
	0x3CD3D33A,0xD33C3C3C,0x3C3CD3D3,0x1010D3D3,0x7982592F,0x967B2121,0x82828296,0x7B829682,
	0x577BA56E,0x96965757,0x82829696,0x82928282,0x79828282,0x79797979,0x1C7B7B7B,0xB6B6B61C,
	0x96907BB6,0x79969679,0x82EC7979,0x82828282,0x13138282,0x2F2F2F2F,0x402F2F82,0x797B9090,
	0xCB73738A,0x7070DFE7,0x70707070,0x70707070,0x41414141,0x41414141,0x7A7A7A41,0xE0D7C895,
	0xC896EEC3,0x55E34DF7,0x55B9FE55,0x1D95DE18,0x5CFA5429,0x98299828,0x98989898,0x605CFA54,
	0xAC536820,0xFE76551B,0x003B2276,0x7747B900,0xD6D67777,0xB9225803,0x12C0C058,0x00000000,
	0x00000000,0x00000000,0x00000000,0x00000000,0x583B1200,0x474722C0,0x777747C0,0xB52D4781,

	0x3A3A3A3A,0x3A3A3A3A,0x3A3A3A3A,0x3A3A3A3A,0x3CD3D33A,0xD33CD33C,0xD3D3D3D3,0x63C1D3D3,
	0x7B827982,0x967B7B21,0x82828282,0x7B968296,0x577BA16E,0x96579657,0x82828296,0x82828282,
	0x79968282,0x79797979,0x7B797B79,0xB6B61C1C,0x82591CB6,0x7B797B79,0x8282C479,0x82828282,
	0x13821382,0x822F2F13,0x902F2F90,0x7B7B9090,0xE773738A,0xDFDFDFDF,0x70707070,0x41707070,
	0x41414141,0x41414141,0x7A7A7A41,0x75579B7A,0x439667C3,0x55E34DC4,0x185555E3,0xDF95F218,
	0xFA5429A6,0x4B295428,0x9898984B,0xF15CFA98,0x53AA3D20,0xB8764D67,0x3B5876B8,0x22B9003B,
	0xD6D6D6D6,0x22587676,0x00C00058,0x00000000,0x00000000,0x00000000,0x6B6B0000,0x00000000,
	0x58121200,0x47D62212,0x77474781,0xB52DB922,0x3A3A3A3A,0x3A3A3A3A,0x3A3A3A3A,0x3A3A3A3A,

	0xD3D3D3D3,0xD3D3D3D3,0xD3D3D3D3,0xB62ED3D3,0x7B828A82,0x96795739,0x82828296,0x96829682,
	0x577BE26E,0x96579657,0x82829696,0x82828282,0x79968282,0xC4797979,0x7B797979,0x7B1CB61C,
	0x79821C7B,0x79797B1C,0x79797979,0x828282C4,0x13132F82,0x822F2F13,0x90902F82,0x7BBE9090,
	0xC2E7738A,0x70DFDFDF,0x70707070,0x41707070,0x41414141,0x41414141,0x7A7A7A41,0xF7C67A7A,
	0x431346C3,0xE3E389B6,0x18181818,0x95B71818,0x98984BA6,0xA62954FA,0x98984B4B,0x605CA898,
	0x53682020,0x4D1823AC,0x3B2276FE,0x58003B3B,0xB82218B8,0xC0D676D6,0xC000C058,0x00000000,
	0x00000000,0x00000000,0x8100006B,0x0000006B,0xC0123B00,0x4747C0C0,0x77472247,0xB5778147,
	0x3A3A3A3A,0x3A3A3A3A,0x3A3A3A3A,0x3A3A3A3A,0xD3D3D3D3,0xD3D3D3D3,0xD3D3D3D3,0x8279D3D3,

	0x7B968A90,0x82969679,0x82968282,0x82828282,0x7B21E26E,0x96969657,0x82969696,0x92828282,
	0xC4968282,0xC4C4C4C4,0x7B797979,0x1C1C7B7B,0x1C7B7B7B,0x798A8A79,0x82828259,0x13828282,
	0x822F2F13,0x822F2F13,0x90909082,0x7BB69090,0xDFE7CB8A,0x70DFDFDF,0x70707070,0x41707070,
	0x41414141,0x41414141,0x7A7A7A7A,0xB67A7A7A,0xC835BA1A,0xE34D46C8,0x18181818,0x952F1818,
	0x984BA65D,0x8B29FAFA,0x984B4BA6,0x206028FA,0x6820203D,0x0389AC53,0x581818B8,0x3B3B8C3B,
	0x2277B858,0xC076D622,0x0000C012,0x00000012,0x00000000,0x6B6B0000,0xC000C000,0x00006B81,
	0x12120000,0x4722C0C0,0x47478147,0x2D228177,0x3A3A3A3A,0x3A3A3A3A,0x3A3A3A3A,0x3A3A3A3A,
	0xD3D3D3D3,0xD3D3D3D3,0xD3D3D3D3,0x2F82A2D3,0x8B695959,0xB3C2C28B,0x82828A69,0x61828282,

	0x7B21C16E,0x96965757,0x82829696,0x82828282,0xC4968282,0x79C4C4C4,0x7BC479C4,0x7B7B7B7B,
	0x731C7B7B,0x5979796D,0x59797979,0x90908A59,0x2F2F2F2F,0x2F2F1313,0x90909061,0x7BB6C490,
	0xDFDFE779,0x7070DFDF,0x70707070,0x41704170,0x41414141,0x7A414141,0x7A7A7A41,0xCF887A7A,
	0xC8D7577E,0x4D4D1321,0x184D4D4D,0x41141818,0x984BA61D,0x9529FA98,0xFA4B4B5D,0x919180EA,
	0x206060E6,0xF2AB5368,0xD676B94D,0x5858583B,0xD622583B,0xD6D62222,0x00003B3B,0x0000003B,
	0x00000000,0xC0000000,0x00C0C06B,0x6B6B8181,0x12120000,0xD68112C0,0x47472247,0xE5814777,
	0x3A3A3A3A,0x3A3A3A3A,0x3A3A3A3A,0x3A3A3A3A,0xD3D3D33A,0xD3D3D3D3,0xD3D3D3D3,0x2F112B10,
	0xDB111C59,0xCECBCBDB,0x7369CBCB,0x2F828282,0x39A56EC1,0x96965757,0x82829696,0x82829696,

	0x96828282,0xC4C4C4C4,0x7BC496C4,0x7B7B7B1C,0x73B31C7B,0x11118A79,0x8A59118A,0x90595911,
	0x2F2F8282,0x2F921313,0x9090402F,0x7BC8C490,0xDFDFC2C4,0x7070DFDF,0x70707070,0x41414170,
	0x41414141,0x7A414141,0x7A7A7A7A,0x887A7A7A,0xC8C3C8CF,0x4D49C8AD,0x4D4D4D4D,0xCFD17618,
	0x294B4B1D,0x7A54FA98,0x3D284B41,0x531B1BAC,0xF12828F1,0x23916820,0x767618B1,0xB8588C58,
	0x22583BB8,0xD65822D6,0x000000C0,0x00000000,0x00000000,0x00000000,0x6B81C081,0xC0C022C0,
	0xC03B0000,0x22C0C0C0,0x77477747,0x77817777,0x3A3A3A3A,0x3A3A3A3A,0x3A3A3A3A,0x3A3A3A3A,
	0xD3D3D33A,0xD3D3D3D3,0x3C3CD3D3,0x90118210,0xCE8A1C8A,0x8A8A1111,0x90409079,0x2F828A8A,
	0x39A56EC1,0x96965757,0x82829696,0x82828282,0x96828282,0x96969696,0x79C49696,0x7B7B7B7B,

	0x1C73697B,0x1173118A,0x59901111,0x90599059,0x2F2F2F82,0x2F821382,0x9090902F,0x79C8C490,
	0xDFDFE739,0xDF70DFDF,0x70707070,0x41707070,0x41414141,0x41414141,0x7A7A7A7A,0x88887A7A,
	0xA157CF88,0x4D9F2114,0x4D4D4D4D,0x17D57676,0x294B4B1D,0xD7945498,0x08E3F5E0,0xF191BC08,
	0x5C549854,0xAC682060,0xB176B149,0xB8FE58B8,0x8C3BB8B9,0x58C0B8B9,0x00001222,0x00000000,
	0x00000000,0x00000000,0x818181C0,0x6B81816B,0x5800003B,0xC0C0C012,0x778177D6,0x47477747,
	0x3A3A3A3A,0x3A3A3A3A,0x3A3A3A3A,0x3A3A3A3A,0xD3D33A3A,0xD3D3D3D3,0x3C3CD3D3,0x9059592E,
	0x828A8A8A,0x2F829090,0x2F828282,0x2F2F2F82,0x39A56EA1,0x96965757,0x82829696,0x82828282,
	0x96828282,0x96969696,0x79C4C496,0x7B7B7B79,0xCB1C8A6D,0x11115973,0x40905959,0x90909090,

	0x132F2F82,0x2F131313,0x9090902F,0x79C87B90,0xDFDFC479,0x707070DF,0x70707070,0x41707070,
	0x41414141,0x7A7A7A7A,0x7A7A7A7A,0x88887A7A,0xA1CF887A,0x4D1AC387,0x4DB1BC4D,0x40D54F4D,
	0x98294BA6,0x67672098,0x1BE34DF5,0x9828E6AB,0xFA98294B,0x9168605C,0x4F4D4923,0xFEFEFE76,
	0x3B58B8B8,0x1222223B,0x00005858,0x00000000,0x00000000,0x00000000,0x8147C000,0x81226B81,
	0xC00000C0,0xC03B5812,0x47774747,0x47777747,0x3A3A3A3A,0x3A3A3A3A,0x3A3A3A3A,0x3A3A3A3A,
	0xD3D33A3A,0xD3D3D3D3,0xD33CD3D3,0x2F90908A,0x828A8A8A,0x82828282,0x82828282,0x2F2F2F2F,
	0x39A56EA1,0x57575757,0x82969696,0x82968282,0x96828282,0x96969696,0xC4C49696,0x7B21397B,
	0x90C26D6D,0x11111111,0x90595940,0x90909090,0x132F2F2F,0x2F131313,0x9090902F,0x79B67B90,

	0xDFB39679,0x707070DF,0x70707070,0x41707070,0x41414141,0x7A7A7A7A,0x7A7A7A7A,0x88887A7A,
	0xC1888888,0xFF39D196,0xB1B1B1B1,0x404D4D4D,0x989829A6,0x2367AA5C,0x54F13D53,0xA6A62998,
	0x54984BA6,0x683DF128,0x4F4FD5AC,0xFE58FEB1,0x58FE18B8,0x58583B3B,0x003B5812,0x00000000,
	0x00000000,0x00000000,0x228100C0,0x22C02247,0x3B00C081,0xC0C01258,0x81774781,0x47774777,
	0x3A3A3A3A,0x3A3A3A3A,0x3A3A3A3A,0x3A3A3A3A,0xD3D33A3A,0xD3D3D3D3,0xA23CD3D3,0x822F9090,
	0x828A7979,0x8282822F,0x2F82822F,0x82822F2F,0x7BA56E19,0x96575757,0x82969696,0x82928282,
	0x96828282,0x96969696,0xC4C49696,0x1CBE7B7B,0xCB11CE73,0x11908A90,0x8290902F,0x2F822F82,
	0x82132F2F,0x82131313,0x9090902F,0x79B67B90,0x70119679,0x7070DFDF,0x707070DF,0x41707070,

	0x7A414141,0x7A7A7A7A,0x7A7A7A7A,0x887A7A7A,0x88888888,0xBABA1463,0x4F4F1B1B,0x73B11BB1,
	0x9898984B,0x285C5C54,0x29294B29,0xA65DA6A6,0x544B4BA6,0x6820F128,0xF8496791,0xB88C55F8,
	0x581818B8,0x123B3B3B,0x00C00012,0x00000000,0x00000000,0x00000000,0x81003B00,0xC0814722,
	0x006BC081,0x00C0C058,0x774747C0,0x47474747,0x3A3A3A3A,0x3A3A3A3A,0x3A3A3A3A,0x3A3A3A3A,
	0xD33A3A3A,0xD3D3D3D3,0x10D3D3D3,0x822F2F82,0x90799079,0x82909090,0x2F828282,0x2F2F2F2F,
	0x39A56E21,0x96965757,0x82829696,0x82828282,0x96828282,0x96969696,0x79969696,0x8A96EC7B,
	0xCE733ECE,0x90401159,0x82828290,0x2F822F2F,0x13131382,0x13131313,0x9090902F,0x7921ECC4,
	0xC279EC79,0x70DF7070,0x707070C2,0x41417070,0x7A414141,0x887A7A7A,0x7A7A7A7A,0x7A7A7A7A,

	0x8888887A,0x57879BCF,0x1B1B1BD5,0xC21B491B,0x98989829,0x2998FAFA,0x5DA6A64B,0x5D5D5D5D,
	0x984B4BA6,0x6820F128,0x4967AC91,0x553BE30C,0x581855B8,0x3B3B3B12,0x00000012,0x00000000,
	0x12000000,0x00000000,0x00C00000,0x81472281,0x00C081C0,0x12C0C0C0,0xE54722C0,0x77817781,
	0x3A3A3A3A,0x3A3A3A3A,0x3A3A3A3A,0x3A3A3A3A,0xD33A3A3A,0xD3D3D3D3,0xD3D3D3D3,0x82822F96,
	0x90597979,0x2F909090,0x82828282,0x2F2F2F2F,0x39A56E21,0x96965739,0x82969696,0x96829682,
	0x96828292,0x96969696,0x7B969696,0x6D7B7939,0x11CB4073,0x82594011,0x8290902F,0x822F2F82,
	0x1313132F,0x13131313,0x9090902F,0x797B7979,0x73ECC479,0x70DF7070,0x707070C2,0x41417070,
	0x7A414141,0x7A7A7A7A,0x7A7A887A,0x7A7A887A,0x8888887A,0xADCF1E1E,0x491B49BA,0x95674949,

	0x98989829,0x5D2998FA,0x5D5DDF5D,0x5D5D5D5D,0x98294BA6,0x68206028,0x49D1AC53,0xB858E3B2,
	0x554D5558,0x3B3B3B3B,0x003B3B3B,0x00000000,0x12000000,0x000000C0,0xC0000000,0x2222C000,
	0x6B813B81,0xC0C05812,0x7777C012,0x77814747,0x3A3A3AD3,0x3A3A3A3A,0x3A3A3A3A,0x3A3A3A3A,
	0xD3D3D33A,0xD3D3D3D3,0xD3D3D3D3,0x79828202,0x8A8A1179,0x798A8A8A,0x2F2F8259,0x2F822F2F,
	0x39A56E19,0x96575757,0x82969696,0x82828282,0x96968282,0x96969696,0x1C969696,0x736D6D1C,
	0x11117311,0x90909011,0x2F2F9090,0x2F828282,0x13131382,0x13131313,0xC4909082,0x797BC496,
	0xC4EC7979,0x7070DFC2,0x417032B3,0x41414170,0x7A414141,0x7A7A7A7A,0x7A7A7A7A,0x7A7A7A7A,
	0x88887A7A,0xC1888888,0x891BB257,0x95DED249,0x98989829,0xDF5D9898,0xDFDF4170,0x5D5D5D5D,

	0xFA984BA6,0x68806028,0xB2759153,0x18FE4D67,0x4D4DB858,0x00003B12,0x00000000,0x00000000,
	0x12000000,0x0000C0C0,0x00000000,0x81C000C0,0xC03BC022,0xC0C0586B,0x4747C000,0x47478177,
	0x3AD3D3D3,0x3A3A3A3A,0x3A3A3A3A,0xD3D33A3A,0xD3D3D3D3,0xD3D3D3D3,0xD3D3D3D3,0x9682B7D3,
	0x92828282,0x2F131382,0x82828282,0x962F2F2F,0x21A56EC1,0x96575757,0x82969696,0x82969682,
	0x96828296,0x96969696,0x6D6D6D79,0x6D738A6D,0x8A111173,0x90909090,0x822F2F90,0x2F828282,
	0x13131313,0x2F131313,0xC4909082,0x79C47996,0x79EC79C4,0x6D69326D,0x4170CFB6,0x41414170,
	0x7A414141,0x7A7A7A7A,0x7A7A7A7A,0x7A7A7A7A,0x88887A7A,0x5F888888,0x4949F7C1,0x8B2FD2D2,
	0x98989898,0x705D2998,0xDFA94141,0xA65D5D5D,0x2898294B,0x68806028,0x67E09153,0x1855BCD1,

	0x4D1855FE,0x00000022,0x00000000,0x00000000,0x3B000000,0x000022C0,0x00000000,0x6B000000,
	0x3B6BB981,0xC058126B,0x77811212,0x47222277,0xD3D3D3D3,0x3A3A3A3A,0xD33A3A3A,0xD3D3D3D3,
	0xD3D3D3D3,0xD3D3D3D3,0xD3D3D3D3,0x828279D3,0x82828282,0x822F8282,0x2F2F6182,0xC1822F82,
	0x7BA56E64,0x96575757,0x82969696,0x82828282,0x96828296,0x6D969696,0x6D73736D,0x8A8A6D6D,
	0x1111118A,0x90905990,0x82828290,0x2F822F82,0x13131313,0x2F2F1313,0x79909090,0x79967996,
	0x79ECEC79,0xC8B6B6C4,0x414132B6,0x41414141,0x7A414141,0x7A7A7A7A,0x7A7A7A7A,0x7A7A7A7A,
	0x88887A7A,0x5F888888,0x4962C11E,0x1DB7D2D2,0x98989898,0x415D4B98,0x5DDF4141,0x4BA65D5D,
	0x2898984B,0x68806028,0xD1E09168,0x18181BD1,0x4D185555,0x00003BB8,0x00000000,0x00000000,

	0x0000C000,0xC0C0C0C0,0x000000C0,0x00000000,0x3B81C000,0x1258C06B,0x47C000C0,0x47817747,
	0xD3D3D3D3,0x3A3A3A3A,0xD33A3A3A,0xD3D3D3D3,0xD3D3D3D3,0xD3D3D3D3,0xD3D3D3D3,0x82828210,
	0x82828296,0x82828282,0x2F828282,0x64822F2F,0x39A56E64,0x96575757,0x82969696,0x92828282,
	0x82829696,0x6D829696,0x6D6D6D6D,0x7B791C6D,0x9011738A,0x90905959,0x822F2F90,0x2F2F8282,
	0x13138213,0x2F131313,0x79909090,0xC4797982,0x79C4C479,0xB6B67B79,0x4141C6C8,0x41417041,
	0x41414141,0x7A7A7A7A,0x7A7A7A7A,0x7A7A7A7A,0x88887A7A,0x88888888,0x759B1E5F,0x292ED249,
	0x98989898,0xA95D4B98,0x5DDF7041,0x4BA6A65D,0x28989829,0x688060F1,0xE0E09153,0x184D1BD1,
	0x4D55E34D,0x0058B8B8,0x00000000,0x00000000,0x00006B00,0xC022C0C0,0x006BC0C0,0x00000000,

	0x81000000,0xC0C000C0,0xC00012C0,0x47814777,0xD3D3D3D3,0x3A3A3AD3,0x3A3A3A3A,0xD3D3D3D3,
	0xD3D3D3D3,0xD3D3D3D3,0xD3D3D3D3,0x8282822E,0x82828282,0x82828296,0x2F2F8282,0xC182822F,
	0x39A56E64,0x96963939,0x82969696,0x92828282,0x9696967B,0x79969696,0x6D6D8A8A,0x7B7B7B8A,
	0x598A8A79,0xC4795959,0x82828282,0x2F2F2F82,0x13131313,0x902F1313,0x79909090,0xC47B7982,
	0x79797979,0xB61C7979,0x707069B6,0x41707070,0x41414141,0x7A7A7A7A,0x7A7A7A7A,0x7A7A7A7A,
	0x88887A7A,0x88888888,0x9B3A1E5F,0x297A7567,0x98989898,0xDF5D2998,0x5D5DDFA9,0x4BA6A6A6,
	0x28FA9829,0x688060F1,0xEEAC9168,0x184D1BD1,0x4D554D4D,0x00181818,0x00000000,0x00000000,
	0x00C06B00,0xC022C0C0,0x00C0C0C0,0x00000000,0x0000003B,0x58120000,0xC000C012,0x22478147,

	0x3C3C3C3C,0x3AD3D3D3,0x3A3A3A3A,0xD3D3D33A,0xD3D33CD3,0xD3D3D3D3,0xD3D3D3D3,0x8282822E,
	0x82828296,0x82828279,0x2F828282,0x632F2F2F,0x7B216E6E,0x96575739,0x82829696,0x92929282,
	0x96969679,0x96969696,0x1C7B9696,0x7B7B7B79,0x798A7B7B,0x798A8A8A,0x82828282,0x82618282,
	0x13921313,0x2F2F1313,0x7B96902F,0x961C7982,0x79C4C4C4,0xB6797979,0x7041B7B6,0x70707070,
	0x41414141,0x7A7A7A7A,0x7A7A7A7A,0x7A7A7A7A,0x7A887A7A,0xE1888888,0x3A885F5F,0x9832619B,
	0x98989898,0x5DA62998,0x5D5DDFDF,0x4B4BA65D,0x28FA9898,0x68E66060,0xEEAC9168,0x4DBC8967,
	0x4D554DB1,0x584D7655,0x00000000,0x00000000,0x00C0C000,0xC0B91212,0xC0C0C0C0,0xC0000000,
	0x000012C0,0xC06BC012,0x00C0C0C0,0x814747C0,0x3C3C3C3C,0xD3D3D3D3,0xD3D33AD3,0xD3D3D3D3,

	0xD3D3D33C,0xD3D3D3D3,0xD3D3D3D3,0x82828210,0x79797979,0x82827979,0x2F828282,0xA12F2F2F,
	0x3921636E,0x96575739,0x1A1A9696,0x8E8E8E92,0x96829696,0x96968282,0x1C799696,0x7B7B7B79,
	0x79797B7B,0x791C8A8A,0x59595959,0x2F828290,0x13131313,0x2F2F1313,0x7996962F,0x961C7982,
	0x79799696,0x7B797979,0x70706DB6,0x41707070,0x41414141,0x7A7A7A41,0x7A7A7A7A,0x7A7A7A7A,
	0x8888887A,0xE1888888,0xE1E85FE1,0x981D3A3A,0x98989898,0x5DA62998,0x5D5D5DDF,0x4B4BA65D,
	0x28289898,0x68E68060,0xEEAC9168,0x4DB1D2B2,0x4D18BCB1,0x22764D18,0x00000000,0x00000000,
	0xC06B6B00,0x22C012C0,0xC0C022C0,0xC00000C0,0x00121222,0xC022D6C0,0x00C0C0C0,0x47224712,
	0x3C3C3C3C,0xD3D33C3C,0xD3D3D3D3,0xD3D3D3D3,0xD3D3D3D3,0xD3D3D3D3,0xD3D3D3D3,0x797982D3,

	0x79797979,0x79797979,0x82969696,0xC12F2F82,0x3921E26E,0x1C1C7B39,0x92829696,0xEC02BE8E,
	0x8292921A,0x96969696,0x8A799696,0x7B7B7B79,0x8A7B7B7B,0x8A1C8A8A,0x79797979,0x82828279,
	0x13131313,0x13821313,0x79969613,0x961CC482,0x96969696,0x79797979,0x70701C1C,0x41707070,
	0x41414141,0x7A7A4141,0x7A7A7A7A,0x7A7A7A7A,0x8888887A,0x5F888888,0xE1E1E1E1,0x29A688E1,
	0x98989898,0x5DA62998,0x5D5D5D5D,0x294BA65D,0x9A289898,0x68E68060,0xEEAC9168,0x4D1BD2D5,
	0x4D181BB1,0xB8184D18,0x0000003B,0x00000000,0xC0C00000,0x22C000C0,0xC0C0C0C0,0x00C000C0,
	0x3BC0B947,0x227622C0,0x00C0C022,0xD64781C0,0x3CA23C3C,0xD33C3C3C,0xD3D3D3D3,0xD3D3D3D3,
	0xD3D3D3D3,0xD3D3D3D3,0xD3D3D3D3,0x7979C4D3,0x8A8A7979,0x798A1C1C,0x82828290,0x6E962F82,

	0x6D7BA164,0x8A6D6D6D,0x8E9282C4,0xC3B135BE,0x82928EBE,0x96969696,0x736D9696,0x7B7B7B79,
	0x8A7B7B7B,0x1C1C8A6D,0x7979791C,0x82828279,0x13131313,0x13821313,0x79828282,0x961CBE82,
	0x82828282,0x79795982,0x70701C7B,0x41417070,0x41414141,0x7A414141,0x7A7A7A7A,0x7A7A7A7A,
	0x88887A7A,0x885F8888,0xE1E8E15F,0x291DE1E1,0x98982929,0x5DA64B98,0x5D5D5D5D,0x294BA65D,
	0x9A289898,0x68E68060,0xE0AC9168,0x6A1BD2D5,0x4D4D1B1B,0xB8180318,0x0000003B,0x00000000,
	0xC06B0000,0xC0120081,0xC022C0C0,0xC00000C0,0x12C0D6C0,0x2276C012,0x121222C0,0x4747C000,
	0x3C3C3C3C,0xD33C3C3C,0xD3D3D33C,0xD3D3D3D3,0xD3D3D3D3,0xD3D3D3D3,0x10D3D3D3,0x8A7B791C,
	0x8A8A8A8A,0x5959798A,0x908A8A8A,0xC1392F2F,0x736D6D63,0x6D696D73,0x968E1A96,0x8ADE67AD,

	0x9292BE35,0x96968282,0x69599696,0x7B7B7B79,0x1C7B7B79,0x1C1C1C6D,0x7979798A,0x82828279,
	0x13131313,0x82821313,0x82618282,0x96B67B82,0x82828282,0x79798282,0x70327B79,0x41414170,
	0x41414141,0x41414141,0x7A7A7A7A,0x7A7A7A7A,0x88887A7A,0xE8888888,0xE1E1E188,0xA695E1E1,
	0x98542929,0x5DA64B29,0x5D5D5D5D,0x294BA65D,0x9A289898,0x6880E460,0xE0AC5368,0x1BF5D2D5,
	0x4D6A1B1B,0xB855B118,0x00000012,0x00000000,0xC06B0000,0xC06BC081,0xC022C022,0xC000C0C0,
	0x12222200,0x7722C012,0xC0C02222,0xD681C000,0x3C3C3CA2,0x3CD33C3C,0xD3D33C3C,0xD3D33CD3,
	0xD3D3D3D3,0xD3D3D3D3,0xB7D3D3D3,0x5959798A,0x8A8A8A79,0x9011738A,0x59828290,0x792F908A,
	0x6D6D7373,0x96736D6D,0x908E8E1A,0xE11CAA85,0x8EBEAD59,0x96968282,0xC4969696,0x7B7B7B7B,

	0x1C7B7B7B,0x1C1C1C1C,0x79797979,0x92828279,0x13131313,0x82821313,0x2F2F1382,0x791C7B82,
	0x82968282,0x79799682,0x70C27B79,0x41417070,0x41414141,0x41414141,0x7A7A7A7A,0x7A7A7A7A,
	0x8888887A,0xE8888888,0xE1E15F88,0x88E1E1E1,0xDFCFCBB3,0x5D5DA6A6,0x5D5D5D5D,0x294BA6A6,
	0x9A28FA98,0x683D2060,0xE0AC5368,0x1BF5D223,0x4DF21B1B,0xB855B118,0x00000012,0x00000000,
	0xC0C00000,0xC06BC081,0xC0C0C0C0,0x0000C000,0xC0D6C000,0xD6C03B12,0xC022C022,0x472200C0,
	0x3C3C3C3C,0x3CD33C3C,0xD3D3D33C,0xD3D33CD3,0xD3D3D3D3,0xD3D3D3D3,0x7910D3D3,0x8A795979,
	0xCBCE738A,0xCBCB3E3E,0x82111173,0x8A90822F,0x1C1C1C6D,0x96966D6D,0xEEB7ADC5,0xE11E7D8A,
	0x8E352EE1,0x82828292,0x79969696,0x7B7B7B7B,0x1C7B7B7B,0x1C1C1C1C,0x79797B79,0x82827979,

	0x92131313,0x82821313,0x2F821382,0x797B7979,0x82828282,0x79798282,0x70B37979,0x41414170,
	0x41414141,0x41414141,0x7A7A7A7A,0x7A7A7A7A,0x88887A7A,0x88E88888,0xE1E1E188,0xE1E1E1E1,
	0x95561EE1,0x5D5DA65D,0x5D5D5D5D,0x294B4BA6,0x9A289898,0xE63D8060,0xACE05368,0xF5F5D223,
	0x4D1B1B1B,0xB8B86A18,0x000000C0,0x00000000,0xC0006B00,0xC000C0C0,0x22C0C0C0,0x00C0C0C0,
	0x22220000,0x22000012,0x12222277,0x22C000C0,0x3C3C3C3C,0x3C3C3C3C,0xD3D33C3C,0xD3D3D33C,
	0xD3D3D3D3,0xD3D3D3D3,0x592BD3D3,0x11591159,0xCECE1111,0xCECECECE,0x11CECE11,0x11822F73,
	0x7B57217B,0x1A96796D,0x2BD71CAD,0xE1E1DE35,0xBEDEE8E1,0x968282F4,0x79969696,0x7B7B7B7B,
	0x1C7B7B7B,0x1C1C1C1C,0x798A7B79,0x82827979,0x13921382,0x13611313,0x82821382,0x797B7B79,

	0x96969679,0x79798282,0x70C27979,0x41704170,0x41414141,0x7A7A4141,0x7A7A7A7A,0x7A7A7A7A,
	0x88887A7A,0x88888888,0xE1E1E1E1,0xE1E1E1E1,0xC62EE1E1,0x5D5DDF7A,0xA65D5D5D,0x294B4BA6,
	0x9A289898,0x3D3D8060,0xAC536868,0xF5D27D67,0x4D1B1B1B,0x58B84D18,0x0000003B,0x00000000,
	0xC000C000,0x00C08181,0xC0C0C0C0,0x00C000C0,0xB86B0000,0xC00012C0,0x222222D6,0x220012C0,
	0x3C3C3C3C,0x3C3C3C3C,0xD3D3D33C,0xD3D3D3D3,0xD3D3D3D3,0xD3D3D3D3,0x59C9D3D3,0x4059908A,
	0xCE111111,0xCECE1111,0xCE111111,0x2F821111,0x7B397B8A,0x8E1A968A,0xDE23357B,0xE1E13223,
	0x59F569E1,0x82828E8E,0x79968296,0x7B7B7B79,0x1C7B7B7B,0x1C1C1C6D,0x797B7B1C,0x82829679,
	0x13131382,0x13821313,0x79828213,0x7B7B7B7B,0xECEC7979,0x79798282,0x70328A79,0x41417070,

	0x41414141,0x7A7A4141,0x7A7A7A7A,0x7A7A7A7A,0x7A7A7A7A,0x88888888,0xE1E8E8E8,0xE1E1E1E8,
	0xE1E1E1E1,0x5D5D7AE8,0xA65D5D5D,0x294B4BA6,0x9A289898,0x3D3D2060,0xAC536868,0xD27D2367,
	0x4D1BB11B,0x5858B118,0x003B003B,0x00000000,0x6BC06B00,0x008181C0,0x00C0C000,0x00C000C0,
	0x22000000,0x0000C022,0x2258D6C0,0x223BC0C0,0x3CA23C3C,0xD3D33C3C,0xD3D3D3D3,0x3CD3D33C,
	0xD3D3D33C,0xD3D3D3D3,0x5990D3D3,0x90599059,0x11111111,0x8A111111,0x11595911,0x8A591111,
	0x7B393959,0x7B8E1A79,0x5E5E4540,0xE1E1E194,0x5340E1E1,0x928E8EB7,0xC4828282,0x7B7B7B79,
	0x1C7B7B7B,0x1C1C1C1C,0x79797B1C,0x82967979,0x13131382,0x13821313,0x1C7B8213,0x791C7B7B,
	0x79797979,0x79797979,0x70706979,0x41417070,0x41414141,0x7A414141,0x7A7A7A7A,0x7A7A7A7A,

	0x7A7A7A7A,0x88888888,0xE8E8E8E8,0xE1E1E1E1,0xE1E1E1E1,0x5DA641E8,0xA65D5D5D,0x4B4B4BA6,
	0x28289898,0x683D6060,0xAC53AA68,0xD2D56767,0x4D89B11B,0x3B580318,0x003B003B,0x00000000,
	0x6BC06B00,0xC08181C0,0x00C00000,0x1200C012,0x6B000000,0x0012C0D6,0x2222D600,0xC012C022,
	0x3C3C3C3C,0xD33CD33C,0xD3D3D3D3,0x3CD3D3D3,0xD3D3D33C,0xD3D3D3D3,0x1179D3D3,0x90599090,
	0x90909090,0x59595959,0x59599059,0x11119090,0x7B577940,0xCEBE8E8A,0x010F0101,0xE1E1E13E,
	0x202EE1E1,0x5139B7EE,0x96968292,0x7B7B7979,0x1C7B7B7B,0x1C1C7B1C,0x79797B7B,0x82829679,
	0x13136182,0x822F1313,0x797B792F,0x9696797B,0x96969696,0x79798282,0x7070C279,0x41417070,
	0x41414141,0x7A414141,0x7A7A7A7A,0x7A7A7A7A,0x7A7A7A7A,0x8888887A,0xE8E8E8E8,0xE1E1E8E8,

	0xE1E1E1E1,0x5D5D5D88,0xA65D5D5D,0x294B4BA6,0x28289898,0x683D60F1,0xAC535368,0xD2236767,
	0x4D896A1B,0x00580318,0x12000000,0x00000000,0x81C00000,0x818181C0,0xC0120000,0x0000C000,
	0x00000000,0x12122222,0xC0D6C000,0xC0C0C022,0x3CA23C3C,0x3C3C3C3C,0xD3D3D3D3,0x3CD33CD3,
	0x3CD3D3D3,0xD3D3D33C,0x90BED3D3,0x90829090,0x90909090,0x90905990,0x90595959,0x11599090,
	0xEC57C411,0x0F113979,0xEA9760AE,0xE1E1E195,0xE8E1E1E1,0x02949495,0x969692AD,0x7B7B7979,
	0x1C797B7B,0x7B7B7B1C,0x7979797B,0x82827979,0x13138282,0x90611313,0x79797982,0x96969682,
	0x96969682,0x79EC8279,0x7070C279,0x41414170,0x41414141,0x7A7A4141,0x7A7A7A7A,0x7A7A7A7A,
	0x7A7A7A7A,0x8888887A,0xE8E8E8E8,0xE1E8E8E8,0xE1E1E1E1,0xA629291D,0x5D5D5D5D,0x294B4BA6,

	0x28289898,0x683D60F1,0xAC535368,0xD223ACAC,0x18896A89,0x3B587618,0xC03B0000,0x00001200,
	0x816B0000,0x8181C0C0,0xC00000C0,0x00C00000,0x00000000,0x12C02200,0x22220000,0x22C02222,
	0xA23C3C3C,0xD33C3CA2,0xD3D3D3D3,0x3C3CD3D3,0x3C3C3CD3,0x3C3C3C3C,0x2F023C3C,0x90909090,
	0x90909090,0x59909090,0x90409090,0x11902F2F,0x57579611,0x3F5C5992,0xDB97A93F,0xE1E1E1E8,
	0xE1E1E1E1,0xAA4088E1,0x9692AD02,0x7B7B7979,0x1C797B7B,0x7B7B7B7B,0x7979797B,0x82828296,
	0x13131382,0x90131313,0x82967982,0x79799696,0x82797979,0x59828282,0x70706979,0x41707070,
	0x41414141,0x7A414141,0x7A41417A,0x7A7A7A7A,0x7A7A7A7A,0x8888887A,0xE8E888E8,0xE1E8E8E8,
	0xE1E1E1E1,0x3D806641,0x943D6891,0x982853E4,0x5C28FA98,0x3D206060,0x53535368,0xF523ACAC,

	0xE31BB189,0x3B587676,0xC0583B00,0x00000000,0x81000000,0x81C06B81,0x120000C0,0x121200C0,
	0x00000000,0xC022C000,0xD6C00012,0x22222258,0xA2A2A23C,0xD3D3A2A2,0xD3D3D3D3,0x3CD3D3D3,
	0xD33C3C3C,0x3C3C3C3C,0x2F433C3C,0x8290822F,0x90908290,0x90909090,0x82829090,0x11902F2F,
	0x1A969659,0x3FA811C5,0xA6549598,0xE1E1E1E1,0xE1E1E1E1,0x40E8E1E1,0x1AADBE94,0xEC7979EC,
	0x7B967B7B,0x7B7B7979,0x96967979,0x82928296,0x13131392,0x82131313,0x92929282,0x96969696,
	0x82829696,0x96828282,0x70706D79,0x8B323270,0x41414132,0x41414141,0x41954141,0x7A7A4141,
	0x7A7A7A7A,0x7A7A7A7A,0x887A8888,0xE8E8E8E8,0xE1E1E1E8,0xB4691EE1,0x9A9A9A9A,0x98FA5CE4,
	0x5C28FA98,0x3D202060,0x53535368,0xF567ACE0,0xB8F2B189,0x12227603,0xC0583B00,0x00000012,

	0x6B000000,0x81C0C047,0x12000081,0xC00000C0,0x00000000,0x12220000,0x223B0012,0x22222222,
	0xA2A2A2A2,0x3CD33CA2,0xD3D3D3D3,0x3CD3D3D3,0x3C3C3C3C,0x3C3CA23C,0xEC10A23C,0x82822F2F,
	0x90909090,0x82909090,0x82828282,0x82828282,0xC5579696,0x04FACE8E,0xA9A8A9A8,0xE1E1E1E1,
	0xE1E1E1E1,0xE8C2C2E1,0x51BE1794,0x96961A92,0x96969696,0xC4969696,0x92829679,0xADF49292,
	0xADADADF4,0x13ADF4F4,0xADF4F4F4,0x96928E51,0x92829696,0x9292F4F4,0x32706D79,0x798AE7C2,
	0x4141C273,0x6969C6CF,0x69696969,0x41CFC6C6,0xC6C6957A,0xC6C6C6C6,0xC6C6C6C6,0x9B639BC6,
	0xE1E1952B,0x8BE8E1E1,0x9A9A9A28,0x9898FA28,0x5C28FA98,0x3D2020F1,0x5353AA68,0xF523ACAC,
	0x586A6A89,0x3BB97603,0x3B58583B,0x12000012,0x00000000,0x816B8181,0x12001281,0x0000C0C0,

	0x000000C0,0x22C00000,0xC0000012,0xB82222D6,0xA2A2A2A2,0xD3D33CA2,0xD3D3D3D3,0xD3D33AD3,
	0xA2A2A23C,0xA2A2A2A2,0x636464A2,0x82828282,0x90595990,0x82829090,0x13828282,0x96822F2F,
	0x1A1A5796,0x4BEF5CB7,0xF08D4BFA,0xE1E1E1E1,0xE1E1E1E1,0xE1973FA9,0x1A119495,0x1A1AC58E,
	0x928E9292,0x96921AC5,0x8E8E9696,0x09F48E8E,0xAD515151,0xF4C3ADAD,0x51515151,0x92F48E51,
	0x51F49682,0xF4518E8E,0xC2DF6996,0x02029290,0x32B3EC0A,0x0A0AEC69,0x96390A1A,0x4169ECEC,
	0x8E8EB741,0x8E8E8E8E,0x8E8E8E8E,0xC5C58E8E,0xE1E82B0A,0xDFE1E1E1,0x289A9A9A,0x9898FAFA,
	0x5C28FA98,0x3D2020F1,0xE053AAAA,0x892367AC,0x58184DF2,0x3B5876F8,0x3B58223B,0x12000012,
	0x00000000,0xC0C0476B,0x1200C081,0x00C0C012,0x0000C000,0x22000000,0x000012C0,0xD6C022D6,

	0xA2A23CA2,0xECD33CA2,0x56565614,0xD3C35656,0x141410D3,0xA264BA14,0x14BA64A2,0x5679139F,
	0x901C7878,0x13909090,0x2F1C569F,0x56791313,0x42565614,0xA9EADB42,0xE14B0E4B,0xE1E1E1E1,
	0xE8E1E1E1,0x7995545C,0x56353556,0xBE9F9F9F,0xECF48E8E,0x9221BA56,0xF4928296,0x39BA9F14,
	0xBE565692,0xF4F4ADAD,0x9F9F9F56,0xF4EC9F9F,0x39AD9696,0xAD02BA56,0x8AC26996,0xA7A7ADEC,
	0xC68AECAD,0x9F9FBE8A,0x9F9FF49F,0x951C0214,0x8B2B1C95,0x7AA95D8B,0x8B078B07,0xA9A68B95,
	0xE1E843B7,0x32E1E1E1,0x285C66ED,0x9898FAFA,0x5CFA9898,0x3D2020F1,0xAC5353AA,0xF2F523AC,
	0x58554D4D,0x125876A7,0x58582258,0x0000003B,0x00000012,0x6B478100,0x1200C0C0,0x12C0C012,
	0x00C00000,0x3B000000,0x0012C022,0xB822D622,0xA23CA23C,0x10D33C3C,0x00000016,0xD3F60000,

	0x00ADA23C,0x64A2F400,0x00ADA264,0xC3BE4600,0x596D0500,0x78598290,0x131C2200,0x46821313,
	0x4246D908,0xF004417A,0xE1A90EA9,0xE1E1E1E1,0xE1E1E1E1,0x1EE1E1E8,0xFEE3E3EE,0x823B3B8C,
	0x56518EF4,0x8EEC0000,0x0A8E9696,0x3903006B,0xBEF6001A,0x05F40909,0x00000000,0x51F40000,
	0x09099696,0x09130000,0x13B36D96,0x00000092,0x69929200,0x0016211C,0x00FFC616,0x95B7BE9F,
	0xEF021C95,0x2B8B8D8D,0x8B8D8D4B,0x8B8D8D2B,0xE1E14339,0xE1E1E1E1,0x54B3C6E1,0x9898FAFA,
	0x5CFA9898,0x3D20945C,0xACAC53AA,0x03B1D223,0xD6551876,0xC02203A7,0x58C022B8,0x006B3B3B,
	0x0000C0C0,0x81476B00,0x1200C0C0,0x81221212,0xC00000C0,0x00000000,0xC0C02222,0x22B8D600,
	0xD33C3C3C,0x3AD3D33C,0x1C0C0046,0xD3F600F6,0x0002A23C,0x6464A500,0x00216464,0x92211600,

	0x79795600,0xAF595959,0x131C2200,0x13921313,0xDB40D955,0x418DE8DB,0xE1F00EA9,0xE1E1E1E1,
	0xE1E1E1E1,0xE1E1E1E1,0x59E34A35,0x1A3B3BAF,0x9F518E51,0x8EEC0000,0x92519696,0x39000022,
	0x8E46478E,0x05F4AD09,0x00000000,0xADF40000,0xBA099292,0x09130000,0x92967996,0x141400F3,
	0x69EC1400,0x00ADF4B7,0x007879AF,0x41C65192,0xDB8EC695,0x3002EA04,0xC9A8EAB7,0xEC54EA79,
	0xE1E82E39,0xE1E1E1E1,0x88631EE1,0x9898981D,0x5C549898,0x3D20945C,0x67AC5353,0x4392D5D5,
	0x03FEF839,0x58B803A7,0x585822B8,0x003B123B,0x123B2200,0x47810000,0x006BC06B,0x22221212,
	0x0000C022,0x000000C0,0xC0122200,0x22D6223B,0x3CD3D3D3,0xD3D3D33C,0x3AF60046,0xD3F600B6,
	0x0019A23C,0x64641900,0x006F6464,0x9202A700,0x79795600,0xD1797979,0x13BEC000,0x8A92F413,

	0x423E1194,0xE8A9E195,0xE1E14BA9,0xE1E1E1E1,0xE1E1E1E1,0xE1A941E1,0x79E34A35,0x923BA7EC,
	0x78F4F451,0xF4960000,0x8EF49696,0x39000022,0xF47877C5,0xD151ADAD,0x03001600,0xADF400D5,
	0x56098E92,0xBA130000,0xEC929692,0xF48E00F6,0xB7BE7500,0x008E8E69,0x00AF0275,0x7A3292EC,
	0xCEC5CF7A,0x09023F3F,0x1C3F60BE,0x8E423F8A,0xE8E888B7,0xE1E1E1E1,0x102EE1E1,0x4B4B5DE8,
	0x5C549829,0xAA20945C,0x23ACACAA,0x2E2E2ED7,0xF8589F2B,0xD6B876A7,0xC0B8B8B8,0x0012583B,
	0x00008100,0x47000000,0x00C0C081,0x22121212,0x00C02222,0x0000C000,0xC022C000,0xD6D60022,
	0x3C3CD3D3,0xD3D3D3D3,0x3AF60046,0xA2B2F6A2,0x0019A2A2,0x64641900,0x006F6464,0x1A214700,
	0x7979C33B,0xFF7B7979,0x13EC6B00,0x5C591313,0xE87AB354,0xE1E1E1E1,0xE1E1A9E8,0xE1E1E1E1,

	0xE8E1E1E1,0xE8EAA841,0x794A4A35,0x923BC39E,0xF38E8E51,0x8E920000,0x8EF49696,0xEC000047,
	0xF478D6C5,0x1651ADAD,0xF8008277,0x09AD0013,0x9F09F492,0xBAAD0000,0x398E8292,0x518E00F8,
	0xB7BEF600,0x001AECC6,0x00F62EB2,0x7A9579BE,0x110ACF7A,0x510220AE,0xB7AE5C0A,0x8ECEAE11,
	0xE1E1E82B,0xE1E1E1E1,0x43E1E1E1,0x4B4B7A3A,0xFA54984B,0xAA3D945C,0xDE23AC53,0x2B10D31E,
	0x0C229FA1,0x76D676A7,0x5818B8B8,0x00585858,0x00000000,0x81000000,0x00C0C047,0x1212C0C0,
	0xC0222222,0x00C00012,0xC0220000,0x1822C0C0,0xD3D3D3D3,0xD3D3D3D3,0x3AF60078,0xA2B2BAD3,
	0x0019A2A2,0x64641900,0x006F6464,0x967B0000,0x7979C300,0x0C7B7979,0x13820000,0x42131313,
	0xE17A2920,0xE1E1E1E1,0xE1E1F0E1,0xE8E1E1E1,0xA9E1E8E8,0x95048DA8,0xC94A4A35,0x1A3B92EB,

	0x160A8E51,0xF4920000,0x8E8EEC82,0x920000D6,0xF47877C5,0x168EADAD,0xF800EC05,0x09AD0043,
	0x78ADF4F4,0xBABA0000,0x398E8292,0x8E920003,0x6902A700,0x6B0A792B,0xD60310F8,0x7A7A1CBE,
	0x591A957A,0x8E020F0F,0x730F978E,0x0AB70F40,0xE1E1E82E,0xE1E1E1E1,0x3AE1E1E1,0x4BA9E143,
	0x5C54984B,0xAA3D20F1,0x1E1767E0,0x2B101EE1,0xFF0375A1,0x761876A7,0xB8181818,0xC02222B8,
	0xC0C000C0,0x00000000,0x00C08147,0x12C06BC0,0x22222212,0xC00012C0,0x22120000,0x76C022C0,
	0xD3D3D3D3,0xD3D3D3D3,0x3AF60078,0xA2F6ECD3,0x0019A2A2,0x64641900,0x006F6464,0x96960000,
	0x797BC300,0x03797979,0x13820000,0x82131313,0x8B545C17,0xE1E1E895,0xE1E1E1E1,0xA941E1E1,
	0x3AF00707,0x8B3FA841,0xBE4A4A94,0x92030AEB,0xF60A5151,0xF4F40000,0x8EF49696,0xBA000047,

	0xF4787721,0xF68EADAD,0x2D0092C3,0x09AD76C1,0x055151F4,0xAD560000,0xECF48292,0x8E920003,
	0x6902F800,0x47EC1C32,0xA7222B76,0x7A7AB7BE,0x2F0ACF7A,0xC502530F,0x4001408E,0x39020F17,
	0xE1E1E895,0xE1E1E1E1,0x3AE1E1E1,0xA67A1010,0x5C54294B,0xAAAA3D94,0xE1E1B785,0x2B103AE1,
	0x5B16B2A1,0x760303A7,0x55554D76,0x225855B8,0x220000C0,0x00000000,0x00C047C0,0x583B00C0,
	0x22581212,0x00122222,0xC00000C0,0xD6C022C0,0xD3D3D3D3,0xD3D3D3D3,0x3AF60078,0xA2F643D3,
	0x0019A2A2,0x64641900,0x006F6464,0x96AD0000,0x797BC300,0x2279EC79,0x13920000,0x13921313,
	0xEAEA976A,0xE17AA6A9,0xE1E1E1E1,0x07A9E1E1,0xE8070707,0xDB547A3A,0x794A4A94,0x920502C5,
	0xF8EC5151,0xF4AD0000,0x92F49696,0x9F000047,0xF4787719,0x0C92ADAD,0x2D00AD92,0x0909FF63,

	0x168EADF4,0x519F0000,0xEC8E8292,0x8EF400A7,0x69022D00,0x0339B732,0xD100B700,0x7A4169BE,
	0x2F0A957A,0x0A025E5E,0x945E598E,0x0202533D,0xE1E1E81E,0xE1E1E1E1,0xE1E1E1E1,0x419BA23A,
	0xF1544BA6,0x67AA3D20,0xE1E1E146,0x2E103AE8,0xA3F316A1,0x180303A7,0x18180376,0xD62218B8,
	0xC00000C0,0x00000000,0xC0C02200,0x58C00058,0x3B121258,0xC0222222,0x1200C000,0x2222C022,
	0xD3D3D3D3,0xD3D3D3D3,0x3AF60078,0xA2B21CBE,0x0019A2A2,0x64641900,0x006F6464,0x7B560000,
	0x7979C300,0xC082EC79,0x13920000,0x138E9213,0x043E894A,0xA9EF0EEA,0xE1E1E1E1,0x0741E1E1,
	0xA9EF0707,0x54E8E1E1,0x794A8942,0x9256821A,0x033951AD,0xF4BA0000,0x92F49696,0x16000022,
	0x5146D62B,0xF89209AD,0x2D00F492,0x09BAF302,0x0C92ADF4,0x8E780000,0x0A8E8292,0x0ABA00F6,

	0x69020C00,0xFF39B732,0x78008200,0x7A7AC6EC,0x130A957A,0xEC0245AB,0x45AB590A,0xB7BEDE45,
	0xE1E1E888,0xE1E1E1E1,0xE1E1E1E1,0x13143A3A,0x9497B432,0x4949ACAA,0xE1E1E113,0x2E103A3A,
	0x2C9F9F19,0x4DF2F8A7,0x18180303,0xD6D61818,0x0000006B,0x12003B00,0x1222003B,0x223B58B8,
	0x1258583B,0x22B81200,0x001200C0,0x2222C0C0,0xD3D3D3D3,0xD3D3D3D3,0x3AF60078,0xA2FF1C92,
	0x0019A2A2,0x64641900,0x006F6464,0xB6780000,0x7979BA00,0x00139682,0xF4130000,0x1392F413,
	0xA8424A4A,0x0E8D8D04,0xE1E1E1A9,0xA9E1E1E1,0xEF4B0707,0xF0E1E195,0x7989CE3E,0x92AD1392,
	0xD60A51AD,0x8E560000,0x8E8E9682,0xA7000047,0x5146772E,0xF80AADAD,0xF800F41A,0x09BA5639,
	0x2D0AADF4,0x8EAF0000,0x8E8E828E,0x92F300AF,0xB3921C16,0xF30AB332,0x5600AD00,0x7A7A3292,

	0x170A957A,0xBE022323,0x2323EC39,0xC60A3523,0xE1E1E188,0xE1E1E1E1,0xE1E1E1E1,0x16C33AE1,
	0x4985E00C,0xD5491BF2,0xE1E1E1B7,0x10103A3A,0x2C9FECBE,0xB1B10C49,0x181876B1,0xB876B818,
	0x58B85555,0x556AB858,0xC0C03B58,0xB8005812,0x58123BB8,0xB9000058,0x0000B922,0xD6C0226B,
	0xD3D3D33C,0xD3D3D3D3,0x3AF60078,0xA256B7C3,0x0019A2A2,0x64641900,0x006F6464,0x43D10000,
	0x7979BA00,0x00ADEC96,0xF4AD0000,0x828E8EF4,0xEA424A4A,0x0E8D8D4B,0xE1E1A9EF,0xA9E1E1E1,
	0xEFEF07A9,0xDB4BA6A9,0x7911FAA6,0x799213F4,0x12925151,0x929F0000,0x928E9682,0xD6000047,
	0x5146D62E,0xB2ECADAD,0xF8008E8E,0xADBAAD0A,0xD60AADF4,0x0AD10000,0xAD9296F4,0x02F80056,
	0x328AF4BE,0x9F92C632,0xAD004600,0x7A413292,0x170A957A,0xBE027DF5,0xF523ECBE,0x2B8E13F5,

	0xE1E1E8E8,0xE1E1E1E1,0xE1E1E1E1,0x051A3AE1,0xB1B14F4F,0xB246D51B,0xE1E1E12E,0x10103A3A,
	0x169FB7EC,0xB1030CFF,0x18184DF2,0x23761818,0xF57D7DAB,0xF2F24D89,0x123BB803,0x3B3B5812,
	0x00001258,0x00005858,0x12222212,0x4781C000,0xD33C3CA2,0xD3D3D3A2,0x3AF60078,0xA2A202D1,
	0x0019A2A2,0x64641900,0x006F6464,0xC6A7000C,0x7979BA00,0x00AD7957,0xF4C300F8,0xCE69928E,
	0x04424A4A,0x0E8D8DA8,0xE1E807EF,0xA941E1E1,0x0EEF07A9,0xFA8D048D,0xB7895CA8,0x92F42F14,
	0x008E5151,0x1A46002D,0x8E929682,0x00030347,0xF4F377C6,0xBE92ADAD,0xF8008EBA,0x0939390A,
	0x000A09F4,0xEC160003,0x518282F4,0xEC0000F4,0x70C279BA,0xBA8E3232,0x9200F800,0x7A413292,
	0xC30A957A,0xBE02896A,0x6AEE0A02,0x2B92826A,0xE1E1E8E8,0xE1E1E1E1,0xE1E1E1E1,0xAF7E3AE1,

	0xB1B1F8B1,0xAFD1141B,0xE1E1E1E1,0x2B2E3A3A,0x16FC0513,0xF2F20C75,0x181818F2,0x20037618,
	0x23AC530F,0xF26A8923,0x3B18F2F2,0x3B58C000,0xB818B83B,0x12585800,0xC0C00000,0x47C00012,
	0xD3A2A2A2,0xD3D3D3D3,0x130C0078,0xA2A21900,0x0002A2A2,0x64641900,0x006F6464,0xB776C0AF,
	0xC479BA00,0x00C39696,0xF45600FF,0xDB20B7EC,0x3F424A4A,0xF04B04A8,0xE8F041E8,0x41A9E8E1,
	0x8D0EEF07,0xA6A8048D,0x904A4A97,0xF4AD826A,0x00F451F4,0x39AF0016,0x928E9292,0x0016A747,
	0xF4F37602,0xBA0951AD,0xF8008E9F,0x8EADBA39,0x00920992,0xEC0C00FF,0x8273ECF4,0xF300F839,
	0x70327992,0xAD923270,0xEC000000,0x7A41CF82,0xBA0ACF7A,0x1CBEF26A,0x6A78C5B7,0x2EECEC4D,
	0xE1E1E11E,0xE1E1E1E1,0xE1E1E1E1,0xF3A53AE1,0xB1B1F2F2,0xC34913F2,0xE1E1E1E1,0x0C172E3A,

	0xAF9F2D6B,0xF8F249F3,0x7618184D,0x5C857618,0x23536860,0xF26AF523,0x5803F2F2,0x58580000,
	0x55583B8C,0x583B3BB8,0xC0000012,0x4712C058,0xA2A2A2A2,0xD3D3A2A2,0x00000078,0xA2A21900,
	0x0019A2A2,0x64641900,0x006F6464,0x7900F856,0x9679C300,0x00C39696,0x92140046,0x116894B7,
	0xA8424A4A,0xE17AA8A6,0x07074BE8,0x07A94141,0x8D0EEFEF,0x09A6048D,0x4A4A4ADE,0x8EAD2FE3,
	0x00AD5192,0xC9160078,0x928E9292,0x00780CD6,0xF446D682,0xF4F4F451,0xF8008EBA,0x7BEC8E39,
	0x00F40996,0x39F8C046,0x73C282F4,0x2200BA8E,0x703213BE,0xAD823270,0xEC000000,0x7A414179,
	0x560ACF7A,0x1CBEF26A,0x6A568E69,0x2EBEC96A,0xE1E1E13A,0xE1E1E1E1,0xE1E1E1E1,0xAFA13AE1,
	0xB1B1B14F,0xB7F213B1,0xE1E1E13A,0x47C0EEA9,0x469FFFD6,0xF2F2F8AF,0x18551818,0x5C207676,

	0x23AC5320,0xF21B897D,0xB8221803,0x3B58C0B8,0x3B8C583B,0x0000C03B,0x0000C058,0x22C0C0C0,
	0xA2A2A264,0xD3A2A2A2,0x00000078,0xA2A20200,0x0019A2A2,0x64641900,0x006F6464,0xAD00D1C3,
	0xC4C4C300,0x00567996,0x929F0056,0x8A1C9613,0x5C424A4A,0xE8E198A8,0xEF0E0E4B,0x07074B4B,
	0x8DA80E0E,0xBAB70404,0x4A4A4ADE,0x925182E3,0x00BAAD92,0xBEB200C3,0x92929292,0x00AD0C47,
	0xF4F3D6C3,0xF4F413F4,0xF8008EBA,0x7B7B8EBE,0x00F409EC,0x39762256,0xB3C2ECF4,0x00777B92,
	0x326D9214,0x51793270,0xBEC00000,0x4141411C,0xC3ECCF7A,0x1C211B6A,0x6AF41AC6,0x2E02BE7D,
	0xE1E1E11E,0xE1E1E1E1,0xE1E1E1E1,0xAFA13AE1,0xB103B14F,0x10D5560C,0x2EE83A3A,0x76474705,
	0x62627503,0xF2F21BD1,0x1818B818,0x5C978976,0x7DAC5320,0xD6F28989,0xB8187647,0x3B3B8C8C,

	0x8C8C3B3B,0x00003B3B,0x00C03B00,0x22C01200,0xA26463A1,0xA2A2A2A2,0x75F80078,0xA2A21900,
	0x0019A2A2,0x6E64A500,0x006F6E64,0x140046C3,0xEC79BA00,0x009F79C4,0xEC4600F4,0x131A928E,
	0x54114A4A,0x4BE195A8,0x0E0E8D8D,0x4B4BEFEF,0x8DA80E0E,0x09ECA804,0xD74A4A14,0x925192E3,
	0x00BAAD92,0xBE0C0013,0x8E1A9292,0x00820CD6,0xF4F37678,0xF413F4F4,0xF8008EC3,0x7B7B92BE,
	0x00F40939,0x3922D6AD,0xC2C296F4,0x009F928A,0x328239D6,0xC58A3232,0xBE030000,0x4141416D,
	0x170A957A,0x0221891B,0x1B2F0AC6,0x1021BED5,0xE1E1E13A,0xE1E1E1E1,0xE1E1E1E1,0xAFA13AE1,
	0xB1B14D4F,0x101485AF,0x46951E1E,0xF2760376,0x9F62DED5,0x4D894FB2,0x1855B855,0x9729AA76,
	0x8553205C,0x49224D0C,0xD9D90849,0xFE8C8CD9,0xFE8C8C8C,0x8C8C8C8C,0x583B3B8C,0xC0126B00,

	0x63A1C8C8,0xA2A2A26E,0xC6FF0078,0x64A219C0,0x001964A2,0x6E6EA500,0x006F6E6E,0xD1005656,
	0x79C4C36B,0xC04679EC,0xECAF0082,0x61929292,0x3E8A4A4A,0x048BE1E8,0x8D8D8D8D,0x8D0E0E0E,
	0x048DA88D,0x0909DB04,0x694A4ADE,0x92F492D5,0x0056AD92,0xBE030079,0x921A9692,0x001CA747,
	0xF4467616,0xF41313F4,0xF800F4C3,0x7B7B92BE,0x0051BA79,0x39007682,0xC2C282F4,0x00ECADE7,
	0xB392AD00,0x396D3232,0xBEF60022,0x7A4141B7,0x170A957A,0x1C027DF5,0xF5130AC6,0x2E39BE7D,
	0xE1E1E11E,0xE1E1E1E1,0xE1E1E1E1,0x46633AE1,0xB1B14DF2,0x2E8E4F46,0xC0172E10,0x85D585FF,
	0x626235AC,0x18898949,0x765558B8,0x42DB97F2,0x85DE1797,0xF5537D18,0x8CD9B052,0x0000006B,
	0x00000000,0x8C3B0000,0x588C8C8C,0x81C0C0B8,0xC8A5A5A5,0xA263A1A1,0x3AFF0046,0x64A2A5FF,

	0x00196464,0x6E6EA500,0x0021E26E,0x0300AD56,0xC479C300,0x76AF7979,0xBED10079,0x92929292,
	0x1DCE4A4A,0x04EA4195,0x8D8D8D04,0x8D8D8D8D,0x04EA8D8D,0xAD09CE04,0xBE6A4ADE,0x92F41314,
	0xC09FAD92,0xBE76001C,0x8E1A968E,0x00C6A7D6,0x8EF32203,0xF41313F4,0xF800F4C3,0x7B7B92BE,
	0x00AD09EC,0xEC00031C,0xC2B39251,0x16ECAD73,0x73BE1600,0xECB73232,0xBED100A7,0x41414169,
	0xAD0ACF7A,0x1C022323,0x2317C569,0x2E0AEC23,0xE1E1E1E1,0xE1E1E1E1,0xE1E1E1E1,0x9FC13AE1,
	0xB1B1B1F2,0xA1394FAF,0x8518112B,0xAC97CE17,0xF3DDC3AC,0x18F28989,0x76B8B9B9,0xCEDB42EE,
	0x76851711,0xB0D491AA,0x6B6B008C,0x6B006B6B,0x6B6B126B,0x00006B6B,0x3B000000,0x81221858,
	0x21212121,0xA1C8A5A5,0x10F600F3,0x6464219F,0x00A56464,0xA1A16F00,0x00C5A5A5,0x0000EC14,

	0x7979C300,0x03D17BC4,0xBEFF001C,0x2F929213,0x4242894A,0xA8421195,0xEA0404EA,0x8D8D8D8D,
	0x0404EA04,0x51098AEA,0x794A4ADE,0x92F41317,0x2278F492,0xBE2200C6,0x8E9296F4,0xC0C1A747,
	0x8E460000,0x131313F4,0xF800F4C3,0x7B7B8EBE,0x00BA0996,0xEC00F8B7,0xCBCB9251,0xADADEC13,
	0x79BE2200,0x39693232,0xEC4600FF,0x41414169,0x130ACF41,0xBE02ABAB,0xAB35C5B7,0x2BC559AB,
	0xE1E1E11E,0xE1E1E1E1,0xE1E1E1E1,0x14C13AE1,0x49F2B14F,0x396F16D1,0x4076EE94,0xAC5C9532,
	0xD19E2F53,0x18F289F2,0x18B8B9B9,0x733EDB94,0x20A70C17,0x6B8C525E,0x6B6B3B3B,0x00006B6B,
	0x3B3B6B6B,0x00000000,0x00000000,0x22B8C0C0,0x21212121,0x19A52121,0xC1B200F3,0xA1A157C3,
	0x0057A1A1,0xA5A55700,0x001A2121,0x0000B614,0xC479BA00,0xA7FF1C79,0xBE0C0043,0x13929213,

	0xA697AA4A,0xA842945C,0x04040404,0x04040404,0x3F04A8EA,0x51AD13FA,0xEC4A4ADE,0x92F41313,
	0x76F38E92,0xBEC0002E,0x921A578E,0x03C1A747,0xF4F30000,0xF4131313,0xF800F4C3,0x7B7BF4BE,
	0x00145196,0x0A00A72B,0x2F8A92AD,0x02B2467B,0x82920000,0xECB33232,0xEC780016,0x414141B3,
	0x170ACF7A,0xBE0245AB,0xAB941A02,0x2B8E2FAB,0xE1E1E11E,0xE1E1E1E1,0xE1E1E1E1,0x14C110E1,
	0xAF1B4949,0xDE6F9F49,0xB3D700AA,0x53F19595,0xFF5A1C94,0x18B1494F,0xD518B9B9,0x35B7B397,
	0x50EA8516,0x08088C52,0x3B8C0808,0xD908088C,0x6C4A6CD9,0x08D98484,0x6B006B8C,0x22C0C000,
	0x217B7B7B,0xC8212121,0x9BF600F3,0xA5A57B96,0x001AA5A5,0x21215700,0x001A2121,0x00C01914,
	0x7979BA00,0xFFA77B79,0xBEF800C6,0x13929213,0x605C174A,0x3F97AA98,0x04EAA804,0x04040404,

	0x3F3F4BA8,0x5151ADCE,0x794A4ADE,0x92F47979,0x2D059292,0x396B0010,0x928E96F4,0xF619A747,
	0x8EF30000,0x131313F4,0xF800F4AD,0x7B7B8EBE,0x0078F496,0x9200F62E,0xEC8292AD,0x02AF0005,
	0x82AD0077,0xECB332C2,0xEC780016,0x414141C6,0x131ACF7A,0xEC024545,0x45AAECBE,0x43C517AB,
	0xE1E13A1E,0xE1E1E1E1,0xE1E1E1E1,0x9FC1C1E1,0x9F4F4949,0x53BAC5B1,0x3211F2B8,0x945C411E,
	0xFF9E9BC2,0x18B14949,0xAA76B8D6,0xDE46B7DB,0x52019735,0xB00D0D84,0xD484D9B0,0x5E502727,
	0x20AEAE0F,0xAB530F0F,0x3B8C081B,0xC081003B,0x2139397B,0xB6217B21,0x63F600AF,0x2121C819,
	0x001A2121,0x21211A00,0x00922139,0x0003439F,0x7979BA00,0x05037BEC,0x7B0300C6,0x13929213,
	0x60E6976A,0x5C3E2342,0xA6E8E828,0x040404A8,0xFA3FEAA8,0xF4F451EC,0xEC4A4ADE,0x92F4EC8E,

	0xB216EC8E,0xEC00222E,0x8E8E96F4,0xAF02A747,0x8EF30000,0x13131313,0xF800F4AD,0x7B7B51BE,
	0x03059296,0xF400162E,0xC9929209,0x3978000C,0x82BA00A7,0x39B332C2,0xEC7800D1,0x414141C6,
	0x2F1ACF7A,0xEC025E5E,0x5E53C9EC,0x1939205E,0xE1E13A1E,0xE1E1E1E1,0xE1E1E1E1,0xD7639BE1,
	0xAFB249D2,0xE385C50C,0x2E69353B,0x328B7A1E,0xD59FC1E8,0x18B14949,0x970318D6,0x1717EE59,
	0xB01B2059,0x527CD4D4,0x83D07CB0,0x0F9A0486,0xAC23AC91,0x3F606853,0x4AAB0F3F,0x226B3B8C,
	0x3939397B,0xB67B2139,0x63B200F3,0x21212121,0x00962121,0x39211A00,0x00927B39,0x00FF0278,
	0x7979BA00,0xAFD679EC,0xC9D600B7,0x131A9292,0x967342E0,0x92791B1C,0xE1E19554,0x3F3F8BE1,
	0x5C3FEA3F,0xF4139259,0x79E34ADE,0x9292F451,0x160CEC92,0x960076C6,0x8E8E92AD,0x9F21A747,

	0x8EF30000,0xF41313F4,0xF800F4BA,0x7BEC51BE,0xA7161A1A,0xAD00052B,0xC9F49209,0x0A9F00A7,
	0xEC9F00F6,0x39B3C2B3,0xEC9F0075,0x414141B3,0x2F8E2B7A,0x0A02915E,0x685E798E,0x21BE535E,
	0xE1E13A1E,0xE1E1E1E1,0xE1E1E1E1,0x46A1B6E1,0x49464FD5,0x00187562,0x95328A05,0xE1E8E8E8,
	0x0C9F63E1,0x184D4F49,0xDED576B8,0x591140DE,0x27523397,0x0DD42733,0x3FA08327,0x9214533F,
	0x21397B7B,0x2326C521,0x0F0F0F5E,0x818C1BAB,0x39393939,0xB6393939,0x43B200F3,0x7B7B2121,
	0x0092397B,0x397B1A00,0x008E3939,0x00AF1978,0x7979BA00,0x00C08279,0x7BC0006B,0x139292F4,
	0xAD136A4D,0x09794A82,0xE1E12E2F,0x3F3F95E1,0xF1AE203F,0xF4828279,0xC9E3E3DE,0x799082F4,
	0x00033982,0x92000000,0x928E92AD,0x0939A722,0xF4F30000,0xF41313F4,0xA700F4BA,0x7B96ADBE,

	0x000C0A1A,0xAD0000C0,0x39F49209,0x0A5600A7,0x7B4600FF,0x3969C2B3,0xEC780005,0x7A4141B3,
	0x408E2B95,0x8E02535E,0x405E118E,0x39029153,0xE1E11E2E,0xE1E1E1E1,0xE1E1E1E1,0xD17B211E,
	0x4FF3B2D5,0xA70003F3,0xE82EB32F,0xE1E1E1E1,0x0C4657E1,0x18764F49,0x17497618,0x1159B711,
	0x0606D4AB,0x33D43306,0xAA3F86DA,0x1EE12E82,0xA1432B2E,0x8F7FA119,0xABF5B881,0x4DAB5E5E,
	0x3939397B,0xBE57577B,0x43F600AF,0x397B7B21,0x001A397B,0x397B1A00,0x008E3939,0x009F2178,
	0x7979BA00,0x03002F79,0x790000F8,0x13929213,0x09134A4A,0x51794A13,0xE1E1C1AD,0x203FB3E1,
	0x5C0F0FAE,0x13828282,0xBEE3E378,0x6D6D73EC,0x76D6EC90,0x1300C0A7,0x92F4F4AD,0xF4C5A722,
	0xF4F30000,0xF41313F4,0xF800F4BA,0x7992AD7B,0x22030A92,0xC300D6A7,0xECF49209,0x0A5600A7,

	0xEC7800FF,0xEC69C269,0xEC7800D1,0x9595CF69,0x40C5C695,0x8E020F0F,0xB30F4051,0x1A1C0F68,
	0xE1E11E2E,0xE1E1E1E1,0xE1E1E1E1,0x85AD572B,0xB2499F49,0x35035585,0xE1952E69,0xE1E1E1E1,
	0x49F3ADE1,0x18764F49,0x11947676,0x3D118AB7,0xDADA06D4,0xDA063306,0x10C30F48,0x88E1E1E1,
	0x2E2E2E10,0x936FC12E,0x000000B5,0x5E5E236A,0x57393939,0xBE393957,0x43B200F3,0x39393921,
	0x00923939,0x39391A00,0x008E3939,0x00BA2178,0x79795600,0xAD001379,0xEC0022C6,0x13929292,
	0x8E134A4A,0x8E794ADE,0xE1E143F4,0x0F5CE8E1,0x4001010F,0x13EC5913,0x1CE3E378,0x73737379,
	0x5600EC13,0x1300F6C6,0x8EF4F4AD,0x8E0AA7D6,0x8EF30000,0xF41313F4,0xF80051BA,0x9692AD39,
	0x46478E8E,0xBA00469B,0x0A8E9209,0x0A9F00F6,0x929F000C,0xEC6DB3E7,0x0A7800D1,0xCFCF3269,

	0x408EC6CF,0x51020F0F,0xC60F9751,0x8E110F66,0xE1E11EC1,0xE1E1E1E1,0xE1E1E1E1,0x67C3AD02,
	0xF6749FB2,0x7317F889,0xE11E9532,0xE1E1E1E1,0x49F39E10,0x18764F49,0xB797EE03,0x33971102,
	0xDADC5033,0x65DC0606,0x881E7B5E,0x88E1E1E8,0x1010951E,0x936F2E2E,0x003BB95B,0xABB1E56B,
	0x39575739,0x21393957,0x43F600F3,0x57393921,0x00923939,0x39391A00,0x008E3939,0x00AD2178,
	0x79795600,0x1300AD79,0xEC00D61C,0x13929213,0xEC8EE3E3,0x8E794A7D,0xE1B3C98E,0x0140E1E1,
	0x115C5E01,0x13595913,0xBE55E378,0xB3DBCB59,0xAD00EC82,0xF40016BE,0x8EF4F4AD,0xC50AA7D6,
	0x8EF300C0,0xF41313F4,0xF800ADBA,0x9213ADBE,0x78818EF4,0xBA007879,0x92F4F409,0x399F0016,
	0x92BA002D,0xEC1C696D,0x927800D1,0x2BC6C6B7,0x408EC6CF,0x09020F0F,0x0AE6F18E,0x8EED0F40,

	0xE1E11E2B,0xE1E1E1E1,0xE1E1E1E1,0x67147821,0xF2F8759F,0x2B3E2F03,0xE1E81E2E,0xE1E1E1E1,
	0xD5759EC1,0x7676B149,0xB7B71749,0x275E118A,0x06DCDC50,0x91A0DC06,0xE88810B7,0x88E8E8E8,
	0x2E951EE8,0x7FA1101E,0x8C77BD8F,0x0C5BE5B9,0x57397B39,0xB6395796,0x43F600F3,0x57393939,
	0x00927B57,0x57391A00,0x0092EC39,0x0082B678,0x59795600,0x8200C379,0x8200761C,0x13928213,
	0x1392E3E3,0x8E794A4A,0xE197928E,0x4573E1E1,0x11112068,0x13595982,0x1C555578,0x90CECB11,
	0xAD0092F4,0xAD0016EC,0x92ADF4AD,0x0A39A747,0x8EF30076,0xF41313F4,0xF80051BA,0xF4F409C9,
	0x146BF409,0x56007882,0x518EF4AD,0x02F30078,0xF4F40077,0x0ABE696D,0x8E9F00D1,0x02BEB6BE,
	0x408EB7C6,0x09020F0F,0x51F120EC,0x0A97AE11,0xE1E11E02,0xE1E1E1E1,0x10E1E1E1,0xD578AF39,

	0x03760CC3,0x9532B340,0xE1E1E895,0xE1E1E1E1,0xD575BA63,0x2D767649,0x02B711AA,0x06D43D11,
	0x0650DCDC,0xC667A0DA,0xE1E81E1E,0xE888E8E1,0x1E1E1E88,0x6FA1A21E,0x4D4F5B8F,0x0BFB74BD,
	0x57573939,0x21393939,0x430C00AF,0x3939397B,0x00923939,0x39399600,0x00133939,0x817B2178,
	0x79795600,0xEC005679,0x1300761C,0x13828292,0x852FE3E3,0x8E794A4A,0x955C8E8E,0xAB17E1E1,
	0x1194CE35,0x139059EC,0x79FE0878,0x92828213,0x9200F4AD,0x56000592,0x92AD5151,0x0A0AA747,
	0x8E78000C,0xAD1313F4,0xF800F456,0xADF409BE,0x5600F4BA,0x46007892,0x09F45151,0xBEF600AD,
	0xF4EC0000,0x0A79B76D,0xF4780016,0x8EC58E8E,0x4251BEEC,0xDD02E6AE,0x30EDAE1C,0x0260AE73,
	0xE1E12E39,0xE1E1E1E1,0x19E1E1E1,0xAF46468E,0x40767675,0x959532C2,0xE1E1E11E,0xE1E1E1E1,

	0x49A34EA5,0x49764D49,0x1CB7B75C,0x50333397,0x0606DCDC,0x1E21ABA0,0xE1E11E1E,0xE8E888E8,
	0x3A3AE1E8,0x6F2E3A1E,0x9C9CFB93,0x8FFB5B9C,0x39575757,0x43393957,0x437600FF,0x3939397B,
	0x00137B39,0x397B9200,0x00C33939,0x2D7BB605,0x7979C300,0x8200F31C,0x560022B7,0x56798279,
	0x4AE3E3E3,0x828A4A4A,0xB397EC8A,0xAB94E1E1,0x8A682E17,0x8A11CE11,0x798CFED1,0x922F2F13,
	0xF400BA96,0xAF00F602,0xEC09AD39,0x8EBE76C0,0x517800AF,0xADF4F4AD,0x7600F4AD,0xADADBA02,
	0x1400AD51,0xFF00AF43,0xADF4ADBE,0xA76B0339,0x9239FF00,0xBE921C6D,0xBE1600F8,0xF49F8EEB,
	0x540A8E51,0x09B33F3F,0x8E543FDB,0xDB3F3F3E,0xE11E638E,0xE1E1E1E1,0x393AE1E1,0xF3D1D7D7,
	0x3240F82C,0x9595CF32,0xE1E1E1E8,0x3AE1E1E1,0x49B29FC5,0xEE0376F8,0xCEB76997,0x5006D491,

	0x245E50DC,0x1EC11A15,0xE1E1E81E,0xE1E1E8E8,0x3A3AE1E1,0xA110E13A,0xA3FB8F7F,0x938FFB5B,
	0x57575739,0xAD7B3939,0x9FF8F8F8,0x393939B6,0xA7F6B639,0x397B16A7,0xF8D12139,0x05B679F8,
	0xEC79ADF8,0xD1A7F882,0x0CF8F8BA,0x167B9679,0x7D0C0C49,0x73B7D5D5,0xEDEDC973,0xABAAE1E1,
	0x8A537A94,0xAD111159,0x16A74949,0xF413131C,0xF6F8A7EC,0xF8F8F892,0x568EBA96,0x09ADF8F8,
	0x5156F856,0xADF4F4AD,0xF8F8FF02,0x09ADAD96,0xA7F80C39,0xF8F8F81C,0x51F4091A,0x0022F4AD,
	0x9209EC76,0x8E517B1C,0xECA7A7A7,0xAD148EDD,0xFA690909,0x69DBFAFA,0x9554A854,0x54FAFA54,
	0xE11E02B7,0xE1E1E1E1,0x8EC1E1E1,0xA514D785,0x323269B2,0x887A9532,0xE1E1E1E8,0x10E1E1E1,
	0x49B24634,0x94F87603,0x66B7B742,0xDC0633D0,0xDADC5EDC,0xE82E63BA,0xE8E1E11E,0xE1E1E1E1,

	0x3AE1E1E1,0xC13AE1E1,0xA38F936F,0x7F938FA3,0x39575739,0x437B3939,0x434343C6,0x3939397B,
	0x43432139,0x5739B643,0xB7B67B57,0xB77B21B7,0x9696B7B7,0xB602B6B6,0x1C1C1CB6,0x1C7982EC,
	0x021CBE21,0x591CB702,0x97CE5979,0x53AAE1E1,0xC953B317,0xBE2FEC13,0xBEBEBEBE,0x51F4F48E,
	0xECEC7B92,0xECEC7BBE,0x39EBEB1A,0x9FECECEC,0xBA39ECEC,0xBA09ADBA,0x0AEC0A51,0xDDBABAEC,
	0xEC1A96AD,0x1A1A1AEC,0x0909DD92,0x92EC09EB,0x8E09BA39,0x0ADD8E8E,0xC50A0A0A,0x0909DD30,
	0xEC0AEBEB,0x8E3939EC,0xBE393939,0x39393939,0xE110398E,0xE1E1E1E1,0xC3213AE1,0xAD10D775,
	0x323241E7,0xE87A4132,0xE1E1E1E1,0xADC6E1E1,0x49B2F334,0x9785764D,0x1542B73E,0xDC50067C,
	0x75245050,0xE8959BA1,0xE1E1E188,0xE1E1E1E1,0xE1E1E1E1,0x10E1E1E1,0xBF8F7FA1,0x6F5A4E0B,

	0xEC965757,0xB6B6BE39,0xB6B6B6C8,0x2121B6B6,0x5739397B,0x39393957,0x39393939,0x39393939,
	0xECEC397B,0x1A969696,0xEC961A1A,0xECECEC7B,0x0A0A1A92,0xB71CC9EC,0x94CE1CB7,0x53AAE1E1,
	0x02204017,0xECECECEC,0x8E8E8E0A,0x1A1A1A92,0x8E8E8E8E,0x8E8E8E8E,0x8E8E8E8E,0x8E518E51,
	0x8E8E5151,0x518E8E8E,0x51515151,0x8E8E5151,0x5151518E,0x51515151,0x8E8E8E51,0x51518E8E,
	0x1AC58E51,0x8E8EC51A,0x8E8E5151,0xC58E8E8E,0x518E8E8E,0x5151518E,0x51515151,0xF4515151,
	0xE12E398E,0xE1E1E1E1,0x4692C1E1,0x40C1EC75,0xC2C23241,0xE1E84195,0xE1E1E1E1,0x639B821E,
	0x49B2F35A,0x97AAF84D,0xD0E6B769,0x4CDC06D4,0x3415DC5E,0xE82ECFC1,0xE1E1E8E8,0xE1E1E1E1,
	0xE1E1E1E1,0x10E1E1E1,0x0B8F93A1,0x6F7F938F,0x7B579657,0xFFB2FFC3,0xB2B2B2FF,0xFFB2B2B2,

	0xFFFFB2B2,0xFFFFFFFF,0xFFFFFFFF,0xFFFFFFFF,0xFFFFFFFF,0xFFFFFFFF,0xFFFFFFFF,0x16FFFFFF,
	0x85858516,0x85858585,0x9417E0E0,0xACEEE1E1,0xEE943535,0x85858585,0x16168585,0xFFFFFF16,
	0x16161616,0x16FFFFFF,0x16FFFFFF,0xFFFFFF16,0xFFFF16FF,0xFFFF16FF,0x161616FF,0xFFFFFF16,
	0x1616FF16,0xD1161616,0xEEEEEE05,0xAAAAAAEE,0xDEAAAAAA,0x203D3D3D,0x94949494,0xF1F19494,
	0xFAFA5C5C,0xEFEFEFFA,0xEFEFEF4B,0xEFEF4B4B,0xE12E0AA9,0xE1E1E1E1,0x75921A3A,0x41902E14,
	0xC2C2C2C2,0xE1E87A41,0xC6E1E1E1,0xA5E11E92,0x4FB2AF9E,0xCE940C76,0x7C065CB7,0x5EDC0633,
	0x6F0BDCDC,0xE8CF2E2E,0xE1E1E8E8,0xE1E1E1E1,0xE11E1EE1,0x10E1E1E1,0x8F93936F,0xA17F5A93,
	0x57579696,0x00006B56,0x6B6B0000,0x006B6B6B,0x3BC03B6B,0x6B6B6B3B,0x6B6B6B6B,0x6B000000,

	0x6B6B0000,0x00000000,0x00000000,0xB8588C3B,0x4AE3E355,0x4A4A4A4A,0x9417BC4A,0x23E0E1E1,
	0x4A17E090,0xE34A4A4A,0x8CFE08E3,0x00003B3B,0x00000000,0x00000000,0x00000000,0x00000000,
	0x00000000,0x00000000,0x00000000,0x00000000,0x3B000000,0x4D185558,0xF5891B6A,0x2323A4F5,
	0xABABABAB,0x915E5E45,0x0F0F9191,0xAE0F0F0F,0x043F3F3F,0x0E8D8DEA,0x0E0E0E0E,0x0E0E0E0E,
	0xE12E398B,0x3AE1E1E1,0x1414ADC1,0xC232B72E,0x8BB4B4B4,0xE1E87A41,0xB782E1E1,0x7EE1E1E1,
	0xB1D5759E,0xB397852D,0x7CD0AE11,0x4CDC5033,0x9B93ABA0,0x1E9B9595,0x1E1E1E88,0xE8E88888,
	0xE8C1C1E1,0x103AE1E1,0x93937FA1,0x636F7F5A,0x57579696,0x7B1C1CBE,0x7B7B7B7B,0x7B7B397B,
	0x7B7B397B,0x39399657,0xECEC9657,0xEC57ECEC,0x7B7B7979,0x8A8A8A8A,0x8A8A1C73,0x397BBE8A,

	0x7BECEC39,0xBEBEBE7B,0xEE116D1C,0x7DEEE1E1,0x1CB78959,0xBEBE1C1C,0xBEBEC9C9,0x39BE3939,
	0xEC397B39,0x0AEC39EC,0xECECECEC,0xECEC39EC,0x0AECECEC,0x0AEC0AEC,0x0A0AECEC,0x0A0A0AEC,
	0xECECEC0A,0x39EC3939,0xBE39BEBE,0x1CBEBEBE,0x1C1C1C1C,0x0202B61C,0xB7B70202,0xB7B7B7B7,
	0xB7B7B7B7,0x696969B7,0x69696969,0x69696969,0xE12E3943,0x10E1E1E1,0x1E46C557,0xCBB33295,
	0xDF1D42ED,0xE1E8E841,0xE110922E,0x343AE1E1,0xB10C7587,0xB74220F8,0xD47C83F1,0x0150DC06,
	0x2E7F0BA0,0x9B639595,0x9B9BCF2E,0x881E9B9B,0x1EC1C81E,0x2EE1E1E1,0x5A7F7FA1,0xC1A17F7F,
	0x96969696,0x96969657,0xECEC9657,0xEC9657EC,0x7B215796,0x9696961A,0x96969696,0xECC49696,
	0x79797979,0x73738A8A,0x598A8A73,0x96EC7959,0x8E921A96,0x1313F4F4,0x358A8292,0x23D5E18A,

	0x13EC1435,0x2F2F8282,0x2F822F2F,0x132F8282,0x09AD1313,0xAD090909,0xADADADAD,0x090909AD,
	0xBABABA09,0xBABABABA,0xBABABABA,0xBABABABA,0xBA09BABA,0x09BABABA,0x090909BA,0x090909AD,
	0x518E51AD,0x8E8E5151,0x8E8E8E8E,0xC5C58E8E,0xC5C5C5C5,0xC5C5C5C5,0xC539C539,0x3939C5C5,
	0xE11E4321,0x63A2E1E1,0x88CFF787,0xEDB3C232,0x701D2997,0xB7E8F07A,0xE8E8E87B,0x9E10E1E1,
	0x4D4975DD,0x973E97D5,0x27E9D04C,0x484CDCDA,0x956F935E,0xA5C89588,0x639B9B9B,0x1EC163C8,
	0x1E9BA59B,0x101EE1E8,0x7F7F6FE2,0xC1636F7F,0x96969696,0x96969696,0x799696EC,0x96969696,
	0x21217B57,0x96969696,0x96969696,0x797979EC,0x8A8A7979,0x1111738A,0x59598A11,0x79797959,
	0x82829679,0x6D738A82,0x8A8A6DB7,0x7D0C69D5,0x8A82BE85,0xCE737373,0x7373CBCE,0xCECE73CB,

	0x92921373,0x82797982,0x132F2F82,0x13131313,0x13131313,0x1313F413,0xF413F413,0x92921313,
	0xEC929292,0xEC828282,0xEC8296EC,0xBEBEBE7B,0x021C1CBE,0x02020202,0x4343B743,0xC6434343,
	0x2B2B9BC6,0xC1C12B2B,0x2E2EC1C1,0x2E2E2E2E,0xE11E1E10,0x34C13AE1,0x32882EBA,0x9742C232,
	0x411DA629,0x2B82957A,0xE8E8E8E8,0x9E9BE1E1,0x4F49759F,0x601154AA,0x27E90D06,0x4801DCDC,
	0x1EA59375,0x34449588,0xC8C86344,0x9B63C8C8,0x1EC8367E,0x10E8E1E8,0x7F7F6FC1,0x2E9BA16F,
	0x96969696,0x96969696,0x96969696,0xECEC9696,0x7BB67B7B,0x96969679,0x96969696,0x79797979,
	0x8A8A8A79,0x598A7373,0x59595959,0x7B7B7B79,0x8282797B,0x69697373,0x798AE769,0x6A898535,
	0x6D798217,0x3ECBCB73,0xCBDBDBCB,0xCBCBB33E,0x698A828A,0x11CE7373,0x7373CE6D,0x111173CE,

	0x2F599011,0x1313132F,0x13131313,0x82921313,0x79828282,0x79797979,0x79797979,0xB61CB61C,
	0xB7B7B7B7,0xC6C64343,0xC6C6C6C6,0x2B2B2BC6,0x2E2E2B2B,0x2E2E2E2E,0x1E1E1E2E,0x1E1E1E1E,
	0xE1E8E81E,0xAD7EC13A,0x3232951E,0x4297CEC2,0x41A62929,0xE81E826D,0xE8E8E8E8,0x9E21E1E1,
	0x494F759F,0x5E5C4294,0x060DE927,0x5086DCDC,0x1E63938F,0x5AA59588,0xC8C8C87E,0xA5C8C8C8,
	0x1EC87F7F,0x101EE888,0x6F6FA110,0x10C1A16F,0x96969696,0x96969696,0x96969696,0x79C4C496,
	0x7B7B7979,0x82797979,0x79969696,0x79797979,0x8A8A7979,0x598A1173,0x8A115959,0x7B7B7B7B,
	0x8282797B,0x6969698A,0x8A6D6969,0xEEAAE035,0x738A828A,0x3ECBCB73,0xDBC2DBDB,0xCBCBC2DB,
	0xCB736D8A,0xCB3E733E,0x11CE73CE,0x40CE1111,0x11CE11CE,0x2F2F2F59,0x2F132F82,0x82821313,

	0x82828282,0x79597979,0x79797979,0xB7B6021C,0x43B7B7B7,0xC6C64343,0xC6C6C6C6,0x2B2B2B2B,
	0x2E2E2E2B,0x2E2E2E2E,0x1E1E1E1E,0x1E1E1E1E,0xE1E1E11E,0x888E7F63,0xC232C232,0x979797B4,
	0xC31D975C,0xE8E8E8B7,0xE8E8E8E8,0x87C588E1,0x674FA362,0x06609797,0x83CDE9CD,0xA4A0DCDC,
	0x88635A8F,0x1FC7CFE8,0xA5C8A5CC,0x34D836C7,0x2EC8CCCC,0x101E1E88,0x6F6FA110,0x1E109BA1,
	0x96969696,0x96969696,0x96969696,0x79797979,0x79797979,0x82795979,0x79969682,0x8A797979,
	0xDB3E7373,0x5973B3B3,0x1CB3696D,0x7B7B7B7B,0x828A7B7B,0x6969E782,0x8A6D6969,0xF4894982,
	0x8A8A9082,0xDBDBB373,0xDBDBDBC2,0xDB3EB3DB,0xCBB373E7,0xCB113ECE,0x8A117311,0x59595959,
	0x4059408A,0x132F8290,0x1313822F,0x82828282,0x82828282,0x79597979,0x79797979,0xB702B61C,

	0x43B7B7B7,0xC6C6C643,0x2BC6C6C6,0x2B2B2B2B,0x102E2E2B,0x102E1010,0x1E1E1E1E,0x1E1E1E1E,
	0x633A1E1E,0xB39510A1,0xB41DC2B4,0x20945C97,0x92BA423D,0x7A88E8E8,0xE8E8F07A,0x4E09B37A,
	0x3D4FB29F,0xD04C5C54,0xDA270DCD,0x5BDCA0DA,0xE89B5A8F,0x1F7ECFE8,0x7E7ED8CC,0xCCCCCC36,
	0x2EC8CC5A,0x101E1E95,0xA56FA110,0x1E2E10A1,0x96969696,0x96EC9696,0x79969696,0x79597959,
	0x59797979,0x90595959,0x82828290,0x59595990,0x11111111,0x90CBCBCE,0x7969B3B3,0x397B7B79,
	0x828A797B,0x69E78A82,0x8A738A69,0x8AFF3559,0x7359592F,0xDBDBDB73,0xDBDBDBDB,0xDB1DC21D,
	0x3E11B3CB,0x59113E73,0x82828282,0x13131361,0x822F2F13,0x8213132F,0x13131382,0x82828213,
	0x82828282,0x79797979,0x79797979,0xB7B7B61C,0x43B7B7B7,0xC6C6C643,0x2BC69BC6,0x2B2B2B2B,

	0x10102E2E,0x10101010,0x1E1E1E10,0x1E1E1E1E,0x219B3A1E,0x42CE902B,0x9742B4B4,0xDE533D94,
	0x9578462F,0x7A7A7AE8,0x417A7A7A,0x4E5A1C70,0x5CD24946,0x27836097,0xDAD0CDCD,0xA306A0DA,
	0xE8C15A8F,0x1FD8CF88,0xD836CC1F,0xCCCCCC36,0xC144CC9E,0x101E1E95,0xA1A163C1,0x8810C163,
	0x96969696,0x96969696,0x79969696,0x79595959,0x59909079,0x90595959,0x82828290,0x82828282,
	0x59908282,0x593E6911,0x7979B3B3,0x79797979,0x2F8A797B,0x736D8282,0x3E7311E7,0x828A8A59,
	0xCE115959,0xDBDBDBCB,0x1D1DC21D,0x3EDB1DDB,0x736911E7,0x90828211,0xB7737311,0x11737373,
	0x13132F59,0x13138282,0x13131382,0x82828213,0x82828282,0x79797979,0x79797979,0xB7B6B61C,
	0x43B7B7B7,0xC6C643C6,0x6D6D9BC6,0x2E2B2B2B,0x1010102E,0x102E1010,0x1E1E1E1E,0x3A1E1E1E,

	0xE1BAC13A,0xEDEDD139,0x206697ED,0xC3D7ACAA,0x7AC28516,0x41417A7A,0xDFC2C2DF,0xBA9E7EC2,
	0x54AC4F75,0x27064C97,0xDA83D0CD,0x2CA424DA,0xE8C15A0B,0x1FD8CF7A,0x36345A1F,0xCCCCCCCC,
	0x9BC7CC1F,0x101E1E2E,0xA1636310,0xE81E10C1,0x961A9696,0x96969696,0x79969696,0x79797979,
	0x59797979,0x59595959,0x82828290,0x82828282,0x59599082,0x11736911,0x79EC8ACB,0x96797979,
	0x828A79EC,0x738A8282,0xCB739073,0x9059EC8A,0xCE8A5959,0xDBDBCE73,0xDBDBDBDB,0xB3DB1DDB,
	0x5973CB73,0x69B37359,0x40901173,0x2F2F2F2F,0x92618282,0x13131313,0x13821313,0x82828213,
	0x82828282,0x79797979,0x79797979,0xB702B61C,0x43B7B7B7,0xC6C6C643,0xB0A4E7C6,0x2E2B8205,
	0x1010102E,0x1010102E,0x1E1E1E1E,0x3A1E1E1E,0x3A1E8E3A,0x97EE2C3A,0x53AA3D94,0xF3F3AF67,

	0xF0F073D5,0x4BA6DF41,0xC2C2A64B,0x879EC5E7,0x42204FA3,0x71D08360,0xDA2483D0,0x2CB2DCDA,
	0xE8C15A0B,0x1F36CF88,0xCCCC9E1F,0xCCCCCC34,0x6336CCCC,0x101E1ECF,0xC163C12E,0x1E1E2EC1,
	0x96969696,0x96969696,0x96829696,0x79797979,0x59597979,0x90595959,0x82829090,0x82828282,
	0x59595982,0x1173B311,0xC4EC968A,0x9696C479,0x827959C4,0x73828282,0xCBCE9073,0x3E737373,
	0x59825973,0xDB3EDBCE,0x8BC2DBDB,0x118BB33E,0x7359CBCB,0x5911CBC2,0x90595959,0x2F822F2F,
	0x13131382,0x13139213,0x13131313,0x82828213,0x82828282,0x79797982,0x79797979,0xB7B71C1C,
	0x43B7B7B7,0xC6C6C643,0xD072EDC6,0x14F88CD9,0x102E4379,0x10102E10,0x1E1E1E10,0x1E1E1E1E,
	0x1A392B63,0x759FC13A,0xE0AA68AA,0x0C75629F,0x951EF090,0xED42428B,0xE7CBCBED,0x629E347B,

	0x975CD50C,0x7183834C,0x83242483,0x2C2C06DA,0xE8CFF70B,0x1F369B7A,0x3634CC9E,0xCC363436,
	0xC836CC9E,0x10951EC1,0xC1C1C110,0x1E1E102E,0x96969696,0x96969696,0x79829696,0x79797979,
	0x59797979,0x90905990,0x2F828282,0x82828282,0x59595979,0x8ACEB311,0x8296C482,0x8A8A7959,
	0x8259598A,0x5982822F,0x3E73828A,0xCECE733E,0x59828211,0xB3B3CE73,0x8BCE8B8B,0xCE1DCECB,
	0xC211CBCB,0x11118ACE,0x82905959,0x2F2F822F,0x13131313,0x13921313,0x13131313,0x82828213,
	0x82828282,0x79597982,0x79797979,0xB7B6B61C,0x43B7B7B7,0xC6C6C643,0x31BB66C6,0x8C8C08E9,
	0x7BFF006B,0x2E2E2E10,0x1E1E102E,0x3A1E1E1E,0x1E8F2E7B,0xA5A2E13A,0xADD775DD,0x2B43821A,
	0xC8C8E8E1,0xFBBFA37E,0x4E93F993,0xF3879EC5,0x9A17E049,0x83830624,0x83246583,0xBFBFABDA,

	0xE8CFCC0B,0x9E369B95,0x3636CCF7,0xF7CC3436,0xC836CC9E,0x10102E9B,0xC1C1C110,0x1E1E1E10,
	0x96969696,0x96969696,0x79969696,0x79797979,0x90797979,0x90909090,0x2F828282,0x79797982,
	0x8A8A8A79,0x90CE738A,0x118A5990,0x11111111,0x2F8A8A11,0x82828282,0xCB11598A,0xCECE7373,
	0x73909073,0xCB8BCECE,0x1DCE8BDB,0x3E1D3EDB,0xCEB3DB3E,0x8A1111CE,0x82595911,0x2F2F2F82,
	0x13612F13,0x13131313,0x13131313,0x82828213,0x82828282,0x79798282,0x79797979,0x6DB6B61C,
	0x43B7B7B7,0xC6C6C643,0x31BB66C6,0x0808D90D,0xB9003B8C,0x2E2E2EAD,0x1E1E101E,0x431E1E1E,
	0x10C1342E,0xA23A5FAD,0x7BC8C1A2,0xE1E1E1E1,0x3AC81EE1,0x7E63C87E,0x36A57E7E,0x46DD347E,
	0xAE7D4FD5,0x83830624,0x83246524,0xBFBF75DA,0x88CFCC0B,0xCC349B7A,0xD83636CC,0xCCCCCCD8,

	0xA534CCF7,0x10102E9B,0x10C11010,0x1E1E1E2E,0x96969696,0x96969696,0x79969696,0x7B7B7B7B,
	0x7979797B,0x79797979,0x822F2F82,0x79C48282,0xE76D738A,0x598ACE73,0x11111159,0x8A118A11,
	0x2F598A8A,0x82822F2F,0xCB11592F,0xDBB3CBCB,0x9090CE11,0xDBDBCECB,0xC2DB8BDB,0xB4DBDBC2,
	0x113EDBDB,0x1111CECE,0x82905911,0x2F2F2F82,0x13131313,0x13131313,0x13131313,0x82828282,
	0x82828282,0x79798282,0x79797979,0xB6B61C1C,0x43B7B7B7,0x43434343,0x317266C6,0xD9D9D9B0,
	0x8C088484,0x2EC678C0,0x1E1E1010,0xEC1E1E1E,0x63E17E10,0x1010E13A,0x3A7B63A2,0xC5A52B1E,
	0x5734A121,0x9BC49F62,0xA1C1C19B,0x46149E7E,0x6580A3BF,0x24838383,0x83246565,0x0BBFFC06,
	0x88C1F70B,0xCCCC9D95,0xD8D836CC,0xCCCC3636,0xA5CCCCF7,0x1010CF9B,0x102E1010,0xE8E81E1E,

	0x96969696,0x96969696,0x7B7B9696,0x7B1C1C7B,0x7B7B7B7B,0x9679797B,0x82828279,0x1C1C7982,
	0xB3B3B3B7,0x111169C2,0x11111190,0x118A8A11,0x82118A8A,0x2F2F2F2F,0x73119013,0xDB11CEC2,
	0x90591140,0xC2DBCE73,0xC21D1DC2,0xDBDBDBDB,0xCEB3C2DB,0x11117373,0x90905911,0x2F2F2F82,
	0x1313132F,0x132F5913,0x13131313,0x82828213,0x82828282,0x79798282,0x79797979,0xB6B61C1C,
	0x4343B76D,0xC6434343,0x313166C6,0x2508FE25,0xE9E9E9E9,0xAD038C84,0x1E1E1E2E,0x2BC11E95,
	0xA1E8C17F,0x96BAE13A,0x433A8EC1,0xE2A10BB6,0xBA10C57E,0xA557A3BF,0x7F9E8F8F,0x6246F734,
	0x653FBF8F,0x24248306,0x83246565,0x0BBF6291,0x88C19E0B,0xCCCCC895,0xD8D8D836,0xF7363636,
	0x7ECCCCF7,0x102EC163,0x10102E2E,0xE8E81E1E,0x96969696,0x96969696,0xBE7B7996,0x79797BBE,

	0x1C797979,0x7B7B791C,0x2F829679,0x6D8A79EC,0xB3B3B369,0x8A8ADBB3,0x11115959,0x8A111111,
	0x82111111,0x822F1313,0x11111182,0x6911CECE,0x90111190,0xDBDBCE59,0xC2C21D1D,0xC2DBDBC2,
	0x11B31D1D,0x738A7373,0x90595911,0x2F2F8290,0x13131313,0x822F2F13,0x82131313,0x82828282,
	0x82828282,0x79798282,0x79797979,0x666D1C79,0x43C3E4BB,0x66E74343,0xA4153172,0x083B8C8C,
	0x0D0D0DE9,0x8C84E90D,0x1E10790C,0x10B61E1E,0xC5103A5A,0x10BAC1E1,0x19433A8E,0x34A17FF3,
	0xBFA5A1A1,0x9BE1F7BF,0x7F7F9393,0x5AF39E9E,0x2486D78F,0x65242483,0xDA246565,0x0B0BFCD7,
	0x959B9E0B,0xCCCCA5CF,0xD8D8D836,0xCCCCD8D8,0x34F7F7F7,0x102E9B44,0x2E101010,0xE8E8E81E,
	0x96969696,0x96969696,0x90C47BC4,0x73738A90,0x73737373,0x59901111,0x82827979,0x8A797982,

	0xC2C2B369,0x8A73C2C2,0x11111159,0x11111111,0x2F591111,0x8213132F,0x73115959,0xCE73B4CE,
	0x90591111,0x1DDBCE90,0xC21DC2C2,0xC2DBDB1D,0xCEC2C2C2,0x73737373,0x90901111,0x822F2F90,
	0x13131313,0x13131313,0x13131313,0x82828282,0x82828282,0x79798282,0x79797979,0x31E41C79,
	0x46845215,0x3172666D,0x8C08D071,0x3B8C088C,0xCD0DE908,0xE90DCDCD,0x2E56C08C,0x7E1C1E1E,
	0x43CCE87E,0x96A27BE1,0x9E57C11E,0x0B6FA1C5,0xBF9F1063,0xC1E121BF,0x1F7FA56F,0x5A9ED734,
	0x0665AE8F,0x48652424,0x4C24A048,0x0B0BFC62,0x959B9E0B,0x36CC7E9B,0xD8D8D8D8,0xCC36D8D8,
	0x9E1F9E9E,0x10C19B7E,0x1E101010,0xE8E8E81E,0x96969696,0x96969696,0x6D6D5996,0x90908A8A,
	0x11909082,0xE773738A,0x8259908A,0x59909082,0xDBDBCBCE,0x11CEB4DB,0xCE8A1111,0x1111CE11,

	0x1359118A,0x2F132F13,0xCB115959,0xCECECECB,0x8259118A,0xDBDB7382,0xC2C21D1D,0xC2C2DB1D,
	0x7373CBDB,0x7373CB73,0x90595973,0x2F822F90,0x13131313,0x92131313,0x13131313,0x82828282,
	0x82828282,0x79798282,0x79797979,0xBB72667B,0x080808D4,0x3172BB0C,0x84D92531,0x8C088CD9,
	0xCDE9083B,0x0D0DCDCD,0x05008C84,0x8F211EC1,0x1EFB109B,0x101910E1,0x9E9B9EE1,0x0B5A6F10,
	0x752CA5C1,0xA2E1100B,0x9E9E36C8,0x5A7F87AD,0x83A086BF,0x48656524,0x4C24A048,0x0BFCFC9F,
	0x2B431F0B,0x36CC36C6,0xD8D8D8D8,0xCCCCD8D8,0x5A1F1FF7,0x2EC16336,0x95101010,0xE8E8E81E,
	0x96969696,0x82969696,0x92828A8A,0x92929292,0x82928292,0x82829292,0x2F11738A,0x73115982,
	0xC2C2C23E,0x73B3C2C2,0xCE73CE11,0x11CECE73,0x13591111,0x132F2F2F,0xCBCE9082,0xCECBCBCB,

	0x8240598A,0xDBCE1182,0x1DC2C2C2,0xCECECBDB,0x73CE7373,0x59736973,0x59595990,0x61828290,
	0x13131313,0x92131313,0x13131313,0x82828282,0x82828282,0x79798282,0x7B797979,0xBBE4E41C,
	0x8C8C08E9,0x72BBBC8C,0xE92508D0,0x840884E9,0x0DD98C84,0x0D0DCDCD,0x003B08E9,0xFBA543F6,
	0xE14E213A,0xE19B10E1,0x9B7F9BC8,0x8F0B7F63,0x2CA38F57,0xE1E13A21,0xAD9E6FA1,0xF97F7F9E,
	0x24DA48AE,0x48486565,0x4C246548,0xFCFC8F87,0x9B439E0B,0x36CC34B6,0xC7C7D8D8,0xCC36D8D8,
	0x1F87871F,0xC1C1C834,0x1E101010,0xE8E8E8E8,0x96969696,0x79969696,0x0000000C,0x90460CC0,
	0xF68A6D6D,0x00000000,0x8A35FF03,0x0C598A2F,0x00000000,0x8B350000,0x85357311,0xDED50303,
	0x92821140,0x7603FF14,0xB49046F6,0x11CB3E3E,0xFF149011,0x94D57603,0x000017CE,0x00000000,

	0x69D10000,0x00C369E7,0x13000000,0x2F828290,0x0000000C,0x56FF0300,0x00561313,0x00000000,
	0x16000000,0x79798282,0x79797979,0x1566BBC4,0x08D9840D,0xA4848C8C,0x25848C84,0x84B0E9E9,
	0x258C8484,0xE9E9E9E9,0x3B3BD925,0x9EC50C00,0xE1399ED3,0xE1E1433A,0x3A5A3AAD,0x8F2C346F,
	0x0BA3F94E,0xE1E1A234,0x341F7F10,0xBF5A7F7F,0x65834886,0xCACA4865,0xBB246548,0xFCFC8F9E,
	0xC6439E0B,0xD8CCCC21,0xC7C7C7D8,0xF7CCD8C7,0x1F87871F,0xC19BA5CC,0x1E1E1010,0xE8E8E8E8,
	0x969696C4,0x82969696,0x00000022,0xF8000000,0x22117340,0x00000000,0x56000000,0x222F2F79,
	0x00000000,0xCB400000,0x0000D159,0x00000000,0x162F900C,0x00000000,0xCBF60000,0xCEDBDBCE,
	0x0000D1CE,0x00000000,0x0000DE0C,0x00000000,0xE7D70000,0x00D169E7,0x13000000,0x13828290,

	0x00000022,0x00000000,0x00461356,0x00000000,0x46000000,0x79798282,0x79797979,0x7166E440,
	0xD9250DCD,0xD9088C08,0xD98C008C,0x25E92525,0xD9088425,0x2525E9E9,0x3B8CD984,0xA5740000,
	0x3AC18F10,0xC1E1102E,0x107EA243,0xFCA3936F,0x4EBF4E0B,0x63E1A57F,0xF787C819,0xAE935ACC,
	0x65245048,0xCACACA48,0x6824A048,0xFCFCF99E,0x43435A0B,0xD836CC36,0xC7C7C7D8,0xCC34D8C7,
	0x1F87871F,0xC19B6F9E,0x1E1E1010,0xE8E8E8E8,0x96962121,0xAD969696,0x00000000,0x00000000,
	0x0011B3DE,0x00000000,0x0C000000,0x00132F82,0x00000000,0x11CE0000,0x000000D7,0x00000000,
	0x00468235,0x00000000,0xCB350000,0xDB1DC2DB,0x000000DE,0x12000000,0x0000EE35,0x00000000,
	0x69560000,0x00008AE7,0x17000000,0x17829059,0x00000000,0x00000000,0x00D1130C,0x00000000,

	0x14000000,0x79798282,0x2FEC79C4,0x71E4BB40,0x25CD71D0,0xD908D984,0x8C00D925,0x258484D9,
	0x088425E9,0x25252525,0x8C08D984,0x216B0000,0x3A3A93C1,0x63E1E19B,0xC1A1C13A,0xFCA34EA5,
	0x34F91F0B,0xA53A7E7F,0x9E1A877E,0x48FD5AAD,0x65658348,0x2A2A2ACA,0x75A0A048,0xFCFCF99E,
	0xC84334FC,0xD836CC34,0xC7C7C7C7,0xF736D8C7,0x8787871F,0xC1637E1F,0x1E1E102E,0xE8E8E8E8,
	0x9639C8A5,0xBA969696,0xCBF20000,0x000005CE,0x00173ED5,0xCECB4900,0x00000046,0x00358A2F,
	0xDB3EF600,0x9069CEB3,0x85000076,0xDEDE4059,0x00762F90,0x13ADFF00,0xCE111478,0x11CECECE,
	0xFF000076,0xDE7813AD,0x822F9090,0x56000018,0x692F9090,0xC000DE69,0xC3000005,0x14829059,
	0x13F80000,0x0000D113,0x13821300,0x00007613,0x82828256,0xEC798282,0xBB407979,0x7172E4DE,

	0xE9D07171,0x08252525,0x3B8425D9,0xE9088C3B,0x8CD9E9E9,0x84848484,0x8C08D984,0xF300003B,
	0x103A6FE2,0xC1E1E1C1,0x63C163E1,0x4EA34EA5,0x7F7F34FC,0xC110A57F,0xBAA5DD7E,0x4886F99E,
	0xCA6524DC,0x2A2A992A,0x75A0A048,0xFCFCF99E,0x2143C58F,0xC7D8CCCC,0xC7C7B6C7,0xF734D8C7,
	0x8787871F,0xC163361F,0x1E1E1010,0xE8E8E8E8,0x9621A1A1,0x78969696,0xCE850000,0x0000358A,
	0x00DE8AF6,0xCE11D100,0x00000035,0x00469090,0x1DCBEE00,0xC38A11DB,0x2F000000,0x59901173,
	0x00001390,0x132FC300,0x9090592F,0xC32F2F2F,0xC3000000,0x822F8213,0x13829090,0xC3000000,
	0x6982822F,0xD1000373,0x35000078,0x46829059,0x13160000,0x00005613,0x13131300,0x000000AD,
	0x828282AD,0x79798282,0x72BB90EC,0xD0A44D91,0xCDD07171,0xE9E9E9E9,0x252508D9,0x848C3B08,

	0x8C082525,0xD9D9D98C,0x8C08D9D9,0x2200008C,0x431EA16F,0x1EE1E1E1,0x63C1631E,0x7FFB4EA5,
	0xA5C86F34,0x3AC1E2A5,0xDD579E5A,0x48CA0FFC,0x994865DA,0x2A999999,0xBFDC6548,0xFC62F99E,
	0xD8437E4E,0xC7D834CC,0xB6B6B6C7,0xCC36D8C7,0x87871FCC,0xC163361F,0x1E1E2E2E,0xE8E8E8E8,
	0x57C8A1A1,0x05969696,0x82460000,0x00007882,0x00EE73D1,0x90824600,0xA70000DE,0x00052F59,
	0x1DCBDE00,0x17595973,0x2F000000,0x59111173,0x00001790,0x612F1700,0x2F2F592F,0xC32F132F,
	0x56000000,0x822F2F13,0xC3829090,0x2FC00000,0x6982822F,0x56000035,0x560000DE,0xD1829059,
	0x13460000,0x00007813,0x131313F8,0xC0000056,0x82828282,0x79798282,0x3131E479,0x6C8C1B31,
	0x272727D0,0xE9E9E90D,0xD9D98425,0xFE8C8484,0x3B8CD908,0x08088C3B,0x8C080808,0x003B8C8C,

	0x4310C19F,0x1EE1E1E1,0x63636310,0x6F931FA5,0xE26363A5,0x3A9B63E2,0x9F364E21,0xDCCA86AA,
	0x992A6565,0x2A999999,0x0B066548,0xFC62F99E,0xCCC8219E,0xC7C736CC,0x44444444,0xCC36D8C7,
	0x871FCC34,0xC1A1361F,0x1E1E1E10,0xE8E8E81E,0x21A1A1A1,0x0C969696,0xCB560000,0x0000F22F,
	0x00F6CBDE,0xC373C300,0xD7000003,0x000C2F11,0xB33E3500,0x2F595959,0xF8000018,0x59111117,
	0x00182F82,0x2F56F200,0x822F902F,0x132F2F2F,0x030000D6,0x2F2F1314,0xDE829090,0x900C0000,
	0x69922F2F,0x820300D5,0x140000D7,0x0C829079,0x13140000,0x00000356,0x131313AF,0x0C000046,
	0x82828282,0xEC797982,0x72BBBB90,0x004DBC15,0x27CD7C08,0xE9E9E9CD,0xD9D984E9,0x0884D908,
	0x3B05003B,0x3B3B0000,0x8C8C3B3B,0x003B8C8C,0xC6C1A12D,0xC13AE1E8,0x63636310,0xC87E36C8,

	0xE29B636F,0x109B9BA1,0x46570BC1,0xA0862AAE,0x99992A65,0x99999999,0xFCA44848,0xF9FC4E9E,
	0x9E7E6F5A,0xB6C7D8CC,0x44444444,0x3636D8C7,0x1F1F3436,0xC163361F,0x1E1E952E,0xE8E8E81E,
	0xC8A1C8C8,0xC0929696,0x00000000,0x03000000,0x00C01140,0x00000000,0x40A70000,0x00C09090,
	0x00000000,0x40119000,0x00000046,0x5940EE00,0x0078402F,0x05000000,0x822F8213,0x1313132F,
	0x00000046,0x2F13D100,0x052F822F,0x2FD10000,0x2F13132F,0x82AF0000,0xDE000046,0xC0829079,
	0x00000000,0xA7000000,0x131313AD,0xD1000005,0x82828282,0xEC798282,0x1566BB40,0x6C6C08E9,
	0x0DE98C6B,0xE9E9E9CD,0xD9D984E9,0x84D90808,0xD60C8CD9,0x00000000,0x8C000000,0x3B8C8C8C,
	0xC1C5EB00,0x9B5F3A3A,0x639B9B2E,0xA1C8A1A1,0x639B9BC8,0xC1C19BA1,0xE6344E10,0x48DC2A2A,

	0x389999CA,0x99999938,0xFCA34848,0x4EF94E9E,0x5A347ECC,0x44C7C736,0x444444B6,0xD836D8C7,
	0x1FCC36D8,0x2E63369E,0xE81E951E,0xE8E8E8E8,0xA1C8C8C8,0x00AD9657,0x00000000,0x17760000,
	0x00002FCE,0x00000000,0x902FEE00,0x00002F59,0x00000000,0x901111F2,0x00B8782F,0x59050000,
	0xD711592F,0x00000022,0x821382D1,0x13132F2F,0x00224613,0x2FD10000,0xF690902F,0x90780000,
	0xEE13132F,0x82C30000,0x78000046,0x00AD9059,0x00000000,0xADD10000,0x13131313,0x4600000C,
	0x82828282,0x79798282,0x2766E440,0x84D9D984,0x083B3B84,0xE9E92525,0xD9D98425,0x088CD9D9,
	0x3B08D908,0x00000000,0x3B000000,0x3B8C8C8C,0x2EEB0C3B,0xA11EE810,0xA163C1C1,0x63A1A163,
	0xA16363A1,0x9B9B9B63,0x2A3D3463,0x2A48A02A,0x38389999,0x99993838,0xFC67A0CA,0x1F4E4E9E,

	0xCC9E367F,0x44B6C7D8,0x44444444,0xD836D8C7,0x1FCCD8C7,0x2E9BD8CC,0xE81E1E1E,0xE8E8E8E8,
	0xA163A5A5,0x00569639,0x22000000,0xCE2FEEA7,0x00003573,0x00000000,0x968A3500,0x00003579,
	0x00000000,0x40595916,0x0C2F1111,0x2F000000,0x82115940,0x00000C17,0x132F2F00,0x1313132F,
	0x0CC31313,0xC3000000,0xD62F8261,0x82350000,0x22AD132F,0x8296A700,0x46000078,0x0056908A,
	0x00000000,0x13560000,0x13131313,0x560000D6,0x82828282,0x79798282,0xD0E46666,0xD9252525,
	0x3B3BD9D9,0x25D9088C,0xD9848425,0x08D984D9,0xD9D98C08,0x0000008C,0x00000000,0x3B3B8C3B,
	0xC175003B,0xA1101E2B,0xA163C163,0x63A163A1,0xA1A1A1A1,0xA19B63A1,0x2A86C36F,0x992AA086,
	0x38389999,0x99383838,0x0BBF5E2A,0x5A4E4E9E,0x341FCC7F,0xB6B6C7D8,0x44444444,0xC7D8D844,

	0xCC36D8C7,0x2E9BC734,0xE8E81E95,0xE8E8E8E8,0xA1A1A5A5,0x004696A5,0x59901600,0xCECE1111,
	0x0000DECE,0x00A75985,0x96964600,0x00004696,0x598282D5,0x11595911,0x17111111,0x35000000,
	0x591111CE,0x00001773,0x82113500,0x2F2F2F82,0xC3132F13,0x78000000,0x00AD2F2F,0x2FAD0000,
	0x0046922F,0x00000000,0xEE000000,0x00D7598A,0xF813FF00,0x13460000,0xAD131313,0xAD000000,
	0x82828282,0xEC798282,0xD0E6E440,0x25E90DCD,0x8CD908D9,0xD9088C6B,0xD9848484,0xD98484D9,
	0x0808088C,0x008CD9D9,0x00000000,0x3B3B0000,0x63A7003B,0xA1C11043,0xA163C1A1,0xA1A1A1A1,
	0xA163A1A1,0xA5A1A1A1,0x862A86C3,0x99992AA0,0x38383899,0x99993838,0xBF67A42A,0x5A1F4E1F,
	0x36F71FCC,0xB6B6C7C7,0x44444444,0xC7D8D844,0xCC36C7C7,0x959B44D8,0xE8E81E1E,0xE8E8E8E8,

	0xA1A1A5A5,0x00D1ECC8,0x5959F300,0xCECE1111,0x0000EECE,0x000559D7,0x9696FF00,0x0000D196,
	0x115982AF,0x90115959,0x4059CECE,0x35000000,0x731111B7,0x000040DB,0x82111700,0x132F2F82,
	0xAD131313,0x14000000,0x00562F2F,0x132FB800,0x00031313,0x00000000,0xEE000000,0x00D1598A,
	0xD113AF00,0x13FF0000,0x14131313,0x82D60000,0x82828282,0x79798282,0xD0BB6679,0xE90D2771,
	0x84088425,0xD9083B8C,0xD9D984D9,0x25252584,0x08D98484,0x8C848408,0x6B006B00,0x3B000000,
	0xBA000000,0xC8C19B19,0xA1C1C1A5,0xA1A1A1A1,0xA1A1A1A1,0xC36FC8C8,0xA0CACA86,0x99999999,
	0x38999999,0x99993838,0xBF67B22A,0x9E1F871F,0xD8CC1F1F,0x44C7C7C7,0x44444444,0xC7D8C744,
	0xD8D8C7C7,0x952B44C7,0xE8E8E81E,0xE8E8E8E8,0xA1A1A5A5,0x00A77BA1,0x59591400,0x73CECE8A,

	0x00000C73,0x00DE5935,0x9696D600,0x0000A796,0xCE8A9614,0xF6405911,0xEE2F40DE,0x2F000000,
	0x11DEF611,0x0000EECE,0x828A1100,0xF6902F82,0xD1AD13D7,0x17000000,0x00782F2F,0x922FF600,
	0x00001482,0x00000000,0x85000000,0x00A77911,0x78131400,0x13D60000,0x46821313,0x82F60000,
	0x82828282,0x79797982,0x711540EC,0xE9CDD071,0xD925E925,0x088CD984,0x25D984D9,0xB00DE925,
	0x84846CB0,0xD9D908D9,0x6B3B8C08,0x00000000,0xA7000000,0xA5631939,0xC8C163A5,0xA1A5C8A5,
	0xA5A1A1A1,0x86C3346F,0x2AA04848,0x99383899,0x38999999,0x99993838,0xBFA3B201,0x1F1F4E87,
	0xD8369E87,0xB6C7C7C7,0x444444C7,0xC7D8C744,0xD8D8C7C7,0x95CF9D44,0xE1E8F088,0xE8E1E8E1,
	0xA1A1C8A5,0x000021A1,0x1159C300,0x7373CE8A,0x00003BCE,0x0017112F,0x96C30000,0x00000092,

	0x00000000,0x00051146,0x00000000,0x11850000,0x00000005,0x00000000,0x8211DB85,0x00052F82,
	0x00000000,0x2F160000,0x00D12F2F,0x2F2F0500,0x00008573,0x92929205,0xF60000F3,0x0000908A,
	0xC313C300,0x56000000,0xD1131313,0x82050000,0x82828282,0x79828282,0x27916679,0xE9CD7171,
	0xE90D0DE9,0x8C84D9D9,0x8484088C,0x520D0DB0,0x6C25B052,0x8C8CD925,0x8C082508,0x0000003B,
	0x00000000,0xA521C562,0xA5C8A5A5,0xA5A5C8A5,0x6FA5A1A1,0x4886D79E,0x99862465,0x38383899,
	0x99999999,0x99999999,0xA367B2AB,0x1F1F4E4E,0xC7D8CC1F,0xB6C7C7C7,0x446DB6B6,0xC7D8C744,
	0xC77EC7C7,0x7ACF9D6D,0xE8E8E8F0,0xE1E1E1E1,0xA1A1A5A5,0x000057A1,0x11599200,0xCBCB118A,
	0x12000040,0x22901190,0x969F0000,0x000000AD,0x00000000,0x00034035,0x00000000,0x2F40D500,

	0x00000003,0xF6000000,0x9611DB90,0x00031382,0x00000000,0x2F130C00,0x000C2F2F,0x112F7800,
	0x000000CE,0x131313C3,0xA7000046,0x0000AD13,0x13131300,0x46000022,0x0C131313,0x82780000,
	0x82828282,0x1CEC8282,0x91976690,0xE9277127,0x0DD4CDE9,0x84D9D96C,0x848408D9,0x7C52B0B0,
	0x6CB052D4,0x8C088425,0x2584B025,0x00008C08,0x00000000,0x6FC5DDE5,0xA56F6F6F,0xA5A5A5A5,
	0x9EA5A5A5,0x65484C46,0x99998624,0x38383899,0x99999999,0x2A999999,0xA3B2B2D2,0x1F87F9F9,
	0x57D8361F,0xB6C7C7C7,0x4444B6B6,0xD8D8C744,0xC7D8C7C7,0x7ACF9B9D,0xE8E8E8E8,0xE1E1E1E1,
	0xA1C8A5A5,0x0000ADA1,0x8A8A82F8,0xCBCB738A,0x0C000035,0xD5595911,0x57160000,0x00000035,
	0x00000000,0xDECE3E17,0x85760367,0x5990CE35,0x03D5782F,0x7356D576,0x82593E59,0xDE402F82,

	0xF61803F6,0x2F2F1378,0x00C0132F,0x112F3500,0x0C0000D7,0x13131313,0x03000078,0x00005682,
	0x131313A7,0xFF0000F6,0xC0131313,0x82560000,0x82828282,0x2F829682,0xD066E0D7,0xE9CDD425,
	0x0D7C7C25,0x84D92525,0x08FE8484,0xD4528484,0xB052D4D4,0x8CD98425,0x52B0B0B0,0x3B8CD96C,
	0x00000000,0xA72D0000,0x6F6F3637,0xA5A5A5A5,0xBF9EA5A5,0xDA65484C,0x99999986,0x99383899,
	0x99999999,0x2A999999,0xA39CA349,0x1F1F4EF9,0xC7D8D8CC,0xC7C7C7C7,0x44444444,0xD8D8C76D,
	0x44D87ED8,0x7ACF329D,0xE1E8E87A,0xE1E1E1E1,0xA1C8A5A5,0x39C8A1A1,0x8A11C4EC,0xCBCBCE90,
	0x73CBCBCB,0x90595911,0x9696822F,0x7990DB73,0xCE11CB8A,0x731DDBB4,0x1D3ECEDB,0x5911CEDB,
	0x11901173,0x3E1D1111,0x82113E73,0x9090822F,0x2F2F2F2F,0x2F2F2F13,0x2F2F2F2F,0xCB2F9090,

	0x90CBC2C2,0x92921313,0x13921313,0x8290598A,0x1313822F,0x13131313,0x13131313,0x82828213,
	0x82828282,0xE4668282,0x0D08BCE4,0xE9E9088C,0xE9E97CE9,0xB0B0E925,0x08D984D9,0x0DB08408,
	0xB07CD4D4,0x08088425,0xD45225E9,0x8C84E952,0x00000000,0x00000000,0x5AEB4E00,0xA5A56F7E,
	0xA067DD7E,0x86DA6548,0x9999992A,0x99999999,0x99999999,0x01999999,0xA39C9C9C,0xF71FF9FC,
	0x57D8D836,0xB6C7C7C7,0x9D9D44B6,0x3636C744,0x9DC7D8D8,0x7ACFCF9D,0xE1E8E87A,0xE1E1E1E1,
	0xA1A5A5C8,0x21A1A1A1,0x738A9657,0xCB697390,0x73CBCBCB,0x59595911,0x96968282,0x9073DB69,
	0x11906911,0x73C2DBCB,0xDBCB111D,0x117311B4,0x11E7CE40,0xB3DBCE73,0x2F113EB3,0x2F618282,
	0x2F2F2F2F,0x132F132F,0x822F2F2F,0xCB902F2F,0x118B8BC2,0x82921313,0x59131382,0x82908A73,

	0x1313822F,0x13131313,0x13131313,0x82828282,0x82828282,0xE4BB2F82,0x3B2515BB,0x848C0000,
	0xE9E92525,0xB0B0B0B0,0xE30884B0,0x6CD958FE,0xB07C7CB0,0xD98CD984,0x7CD48484,0xD925E952,
	0x0000008C,0x00000000,0xFB57B500,0xDDCC5A8F,0x6565ABBF,0x2A6506A0,0x99999999,0x99999999,
	0x99999999,0x01999999,0x9CB29C5B,0xCC1FF9FC,0xC7D8D8D8,0xC7C7C7C7,0x9D9D4444,0x3636C79D,
	0x9DC7D836,0xCF32CFC6,0xE1E8E87A,0xE1E1E1E1,0xA1C8A5C8,0x21A1A1A1,0x6D8A7996,0x69696969,
	0x73CBCBCB,0x90901111,0x9657822F,0x7959DB3E,0x40115959,0x11DBDBCE,0xCECBCEDB,0x1190CECB,
	0x73901111,0x3EDBDBCB,0x82593ECE,0x82828259,0x2F2F2F82,0x1382822F,0x2F2F2F13,0xCE112F82,
	0x8AC2C28B,0x90791313,0x8A131392,0x90598A8A,0x13131382,0x13131313,0x82131313,0x82828213,

	0x96828282,0x66BB6696,0xB0E9D0E4,0x08003B84,0xB0E9D925,0xB0B0B0B0,0xE3D96CB0,0x088CFED9,
	0xB0B0E96C,0x088C0884,0x0D528408,0x6C250D0D,0x00008CD9,0x00000000,0xFBC5A36B,0xF3F3A35B,
	0xDC654C91,0x2ACAA033,0x99999999,0x99999999,0x99999999,0x4C999999,0x9C9C9CA3,0x349EDDFC,
	0xD8D8D81A,0xB6C7C7C7,0x9D9B9D44,0x7F36C79D,0x9DC7D836,0x70CFCFC6,0xE1E1E87A,0xE1E1E1E1,
	0xA1A5A5C8,0xA563A1A1,0x6D8A7996,0x69693E69,0x73CBCB69,0x90591111,0x9696822F,0x6959DB6D,
	0xCB11738A,0xC2DBDBCE,0xB4DBDBC2,0x111173CE,0x114090CE,0x115940CB,0x9090CE11,0x82828259,
	0x82138282,0x13822F2F,0x2F612F2F,0xCB59822F,0x8ACEC21D,0x73791382,0x59821313,0x59598A8A,
	0x13138282,0x13131313,0x13131313,0x82828213,0x82828282,0x17E4E496,0xE90D71BB,0x008C25E9,

	0xB0B0D98C,0xB0B00DB0,0xB06CB0B0,0xD9080884,0x848484D9,0x8C5858D9,0x256CD98C,0xE3E9E9E9,
	0x008CD98C,0x00000000,0x5B9EBA3B,0x1E10349C,0x33A4E432,0x2ACA65DA,0x2A999999,0x2A2A2A2A,
	0x9999992A,0x01999999,0x9C74A35B,0x349E4EFC,0x57361A1A,0x6DC7C7C7,0xC69B9B44,0xCC36C744,
	0x9D6DD8CC,0x70CFCF32,0xE1E8F07A,0xE1E1E1E1,0xA1A1A5C8,0x21A1A1A1,0x6D737996,0xB3B33E69,
	0xCECBCB3E,0x90591111,0x9696822F,0xCE733E73,0x40111173,0xCEDBDBCE,0xCB115973,0x11CECECE,
	0x1159CE11,0xCE11113E,0x2F593E3E,0x82828259,0x13828296,0x1382132F,0x2F132F2F,0xB382822F,
	0x59CECBDB,0xC290921C,0x59599261,0x59798A8A,0x13828282,0x13131313,0x13131313,0x82828213,
	0x82828282,0x17F1E496,0xCDCD7172,0x08D9D90D,0xBCD9B98C,0xB0B0526C,0xB00DB052,0x6C6C6CB0,

	0x8C08D9D9,0x8585D503,0xD9088C03,0x08252584,0x3B8C3B3B,0x00000000,0x740B092D,0x1E1EA12C,
	0x5E40CF2E,0x2A48A0DA,0xCA2A2A2A,0x2ACACACA,0x992A2A2A,0x862A2A99,0x7474A374,0xF79E4E8F,
	0xD834341A,0x44B6C7C7,0x9B9BC69D,0xCCCCD844,0x9D9DD8CC,0x70CFCFCF,0xE1E87A7A,0xE1E1E1E1,
	0xA1A1A5C8,0x21A1A1A1,0x6D8A79C4,0xB3B369E7,0xCECBCBCB,0x90598A11,0x9657962F,0xC23ECB69,
	0xCECECE11,0x11CBDBCB,0xCB73113E,0x11CECECE,0xCE40CECE,0xDBCECBB3,0x2F113EDB,0x822F2F59,
	0x82829682,0x2F822F61,0x2F2F2F2F,0xCB592F2F,0x5911CECE,0x8B82821C,0x90829259,0x9079118A,
	0x13138282,0x13131313,0x13131313,0x82828282,0x82828282,0x66E46696,0x27717131,0xD9D9E90D,
	0xFEB9B96C,0x6C6C6C84,0x527C0DB0,0xB0B0B0B0,0xFE8CD984,0xF2081885,0x8C188585,0x8CE308D9,

	0x3B3B3B8C,0x6B000000,0x7437EB2C,0x1E1E2EDD,0xE7CFCF2E,0x2A48DC91,0x4848CACA,0xCACACA48,
	0x2A2A2ACA,0x2A2A2A99,0x745B5B1B,0x9E9E4E8F,0x36CCF7AD,0x4444C7D8,0x9B9B9B9D,0x1FCCD844,
	0xCF9DD8CC,0x70CFCFCF,0xE8E87A7A,0xE1E1E1E1,0xA1A1C8C8,0x39A1A1A1,0xE7738AC4,0xB3B3B369,
	0x7373CBCB,0x90591111,0x7957822F,0xC2C2DBB3,0x73CECE11,0xCECBCE73,0xB3CE11E7,0x11CECECB,
	0x11401111,0xDBDB3E3E,0x2F90CBDB,0x2F2F2F90,0x82828282,0x2F822F82,0x2F2F132F,0x90902F2F,
	0x828A1159,0x5982791C,0x821C9661,0x82598A8A,0x13138282,0x13131313,0x82131313,0x82828213,
	0x96828282,0xE4E44082,0x71717131,0xB025E9CD,0xB8FE84B0,0x6CD984FE,0xD47C52B0,0x0DB0B0D4,
	0x7D08D9B0,0xD9D9D9D5,0xD5EEF208,0x8CFE8C8C,0x3B3B3B8C,0x77000000,0x5BB52630,0x1E1E2E9E,

	0x2BC1CF2E,0x4865BBE7,0x48484848,0xCACA4848,0x2ACACACA,0x2A2A2A2A,0x74A32D50,0x9E9E4EF9,
	0xCC1F9E9E,0x4444C7D8,0x9B9B9BC6,0x1F9E36C7,0xCF9DC7CC,0x70CFCFCF,0xE8E87A7A,0x3AE1E1E1,
	0xA1A1A1C8,0x39A5A1A1,0x696D8AEC,0xB3B3B369,0x7373CBE7,0x90591111,0xEC57962F,0x1159CE3E,
	0x73CECECE,0x42DBCBCE,0xCECECECE,0xCECECE3E,0x40595911,0x1D1D3E3E,0x2F11B3DB,0x82822F82,
	0x82828290,0x2F822F82,0x2F2F2F2F,0x902F2F2F,0x7BC4B7B7,0x96969696,0x79797B39,0x82828296,
	0x13828282,0x13131313,0x13131313,0x82828282,0x82828282,0xBBFD6182,0x71717131,0x52E90DD0,
	0xD96C6CB0,0x6C6C8CFE,0xD40DB0B0,0xD4D4D427,0xEE55D9B0,0x84D9E918,0xD5D98484,0x8C8C18EE,
	0x00003B8C,0x373B0000,0x5B743730,0x102E439E,0x9BCFCFCF,0x65A0ED9B,0x48484865,0x48484848,

	0xCACACACA,0xCACA2A2A,0x3774BC48,0x1F1F4EDD,0x9E4EDD4E,0xC844C71A,0x9D9B9B9B,0x1F1FCCC7,
	0xCF9BC7CC,0x7A7A70CF,0xE8E87A7A,0x10E1E1E1,0x63A1A1A1,0xEC39A5A1,0x696D8AEC,0xB3B3B369,
	0x7373CBCB,0x90591111,0x9696962F,0x11797379,0x73CECECE,0xCECECBCE,0x73404011,0x73CECBCE,
	0xB32F403E,0xC28BDBDB,0x2FCEDBDB,0x902F2F90,0x13828290,0x2F828282,0x2F2F2F2F,0x698A132F,
	0x7B7BB61C,0x7BBEBE21,0x7BB67B7B,0x797B7B7B,0x13928296,0x13131313,0x13131313,0x82828213,
	0x96828282,0x91FD9096,0x7171D027,0x0D0D27D0,0xB0B0B0B0,0xBCD98C84,0x0D52846C,0xD4D4D47C,
	0x850C6CB0,0xE925B06C,0xD9842525,0x3BF2EEF2,0x00003B3B,0x0B470000,0x5B742D26,0xC12B394E,
	0x9B9B9B2B,0x65AE9B9B,0x65656565,0x48484848,0xCACACA48,0x48CA2A2A,0x9CBD5048,0xF94E4EDD,

	0x9EFC0BFC,0xC8C7C734,0x449B9B9D,0x1F87F7D8,0x41CFC7CC,0x7A7A4141,0xE8F07A7A,0x10E1E1E8,
	0xA1A1A1A1,0xEC3939C8,0x696D8A79,0xB3B3B369,0x7373CB3E,0x90598A73,0x57EC822F,0xDB8A7379,
	0xCECEDBDB,0xCECE11CE,0x4082822F,0x737311CE,0x8B2F90CE,0x1111CEDB,0x2FCEDBCE,0x8A2F2F59,
	0x13118A59,0x61828282,0x2F2F2F2F,0x7BB67982,0xB6B67B63,0x21217B21,0x7B7B7B7B,0x7B7B7B7B,
	0x967B7B21,0x13131392,0x13821313,0x82828282,0x82828282,0x66E490C4,0x27270DA4,0x7C7C2727,
	0xB0B0B052,0x84D9846C,0x5284D96C,0xD4D4D452,0x18EE4D52,0x520D6CE9,0x84E9E9E9,0x3BEE1808,
	0x0000003B,0x30370000,0x5B74B537,0x2B023930,0x9B9BC69B,0xA0ED9B9B,0x656565A0,0x48486565,
	0xCACA4848,0x48CA2A2A,0x74A44848,0xFC4E4E4E,0x1F0BBF26,0x44C7D834,0xC79D9B9D,0x1FF91F34,

	0x7ACF6DCC,0x7A7A7A7A,0xE8F07A7A,0x10E1E1E8,0xA1A163A1,0xECEC3921,0x69E78A79,0xB3B3B3B3,
	0x73CBCB69,0x90598A73,0x5796962F,0xDB111179,0xCECB3EDB,0x11CE11CE,0x3E118282,0xCBCE90CE,
	0x3E2F11CE,0x115911DB,0x2F11CBCE,0x73902F59,0x2F11CE8A,0x2F2F1382,0x7982822F,0x9BB6B61C,
	0x21B6B67B,0x21217B7B,0x7B7B7B7B,0x7B7B7B7B,0x7B7B7B7B,0x1392967B,0x13131313,0x82828282,
	0x82828282,0x66BB9082,0xCD0D2515,0x7C7CD427,0xB052B052,0x6C6C8425,0xE90858E3,0xD47C7C7C,
	0x25168952,0x89F5B0B0,0xE90DE949,0x00853BD9,0x00000000,0x26268100,0x5B74B5E5,0x19020A30,
	0x9B9BC643,0xE4C69B9B,0x65A0A0A0,0x48656565,0xCA484848,0x4848CACA,0xD2A04865,0x0B4E4E62,
	0x872C2CBF,0x44C7D834,0xD844C8C8,0x1FF987CC,0x7A7A9DCC,0x7A7A7A7A,0xE8F0F07A,0xC1E1E8E8,

	0xC8A1A163,0xEC96EC39,0x69E76D79,0xB3B3B3B3,0x73CB3E69,0x90598A73,0x5796822F,0xDB3E3E79,
	0xCECB3EDB,0x59CECE11,0x8BB38282,0x111111CE,0x11B7DBCE,0x3E1173DB,0x40113E3E,0x73592F11,
	0x2F737373,0x908A7979,0xB6B67982,0x434321B6,0x7B7BB621,0x7B7B7B7B,0x7B7B7B7B,0x7B7B7B7B,
	0x7B79797B,0x827B7B7B,0x2F131392,0x79828282,0x82828282,0xE4BB9096,0x6C8484A4,0xB07C5252,
	0x6CB0B0B0,0xB0B06C6C,0x6CC0FE84,0x0D7C7C7C,0x0D188552,0x3B7D1BB0,0xB00D1B16,0x007D2308,
	0x00006A3B,0x3730B500,0x5B74B5BD,0x02210A30,0xC6C61919,0xC69B9B9B,0xA0A0A080,0x656565A0,
	0x48484865,0x484848CA,0x4C484848,0x0B4E4E62,0x4E2C2C2C,0x44D836CC,0x34D84444,0x1F62F91F,
	0x7A889BCC,0x7A7A7A7A,0xE8F0F07A,0x2E1EE8E8,0x21A16363,0xECECECEC,0x696D7379,0xB3B3B3B3,

	0x733E6969,0x90598A73,0x79EC822F,0x8B8BB3B3,0x11CECE8B,0xB3CE1111,0xA9C28A82,0xCB111111,
	0x40B3CEB3,0xCECE3EDB,0x4011CB3E,0xCB118290,0x90737373,0x79118A90,0xB6B6B6BE,0x7BC1B621,
	0x7B7B7BB6,0x7B7B7B7B,0x7B7B7B7B,0x79797B7B,0x79797979,0x7B7B7BC4,0x82138279,0x79828261,
	0x82828282,0x91BB6182,0xFE08084A,0xB0BCD9B8,0xB0B0B06C,0xB0B02525,0x08086CB0,0xE90D7C52,
	0xBC1805BC,0xF54DD452,0x6CE98916,0x00585318,0x00006A23,0x7730266B,0x5B74B52D,0x02020ADD,
	0xC6431919,0x9B9B9B9B,0xA04C97C6,0xA0A0A0A0,0x48486565,0x48484848,0x48484848,0x0B4E87D7,
	0x4EA3A32C,0x44D834CC,0xF7367EC7,0x1F626287,0xF0E895D8,0x7A7A7AF0,0xE8F0F0F0,0x2E1EE8E8,
	0x57C8A1A1,0xEC9639EC,0x696D7379,0xB3B3B3B3,0xCB3E69B3,0x90598ACE,0x73967982,0x1111DB1D,

	0x11CE3EDB,0x8B3E1111,0xA98BDB3E,0x73CECE11,0x5911CBCB,0x1DDB3EDB,0x40113EDB,0xCB119011,
	0x117373CB,0xB6798A8A,0x7B1CB6B6,0x7BB69B7B,0x7B7B7B7B,0x7B7B7B7B,0x797B7B7B,0x79ECEC7B,
	0x79797979,0x7B79EC79,0x61827B7B,0x82612F2F,0x82828282,0x15E46182,0xB93B8CBC,0xE3FEB822,
	0x6C6C6C4A,0xB0B0B084,0xB0B00D7C,0xE97C7C52,0xF6EEA784,0xEED5D46C,0xE3B0B049,0x7D00F523,
	0x00000045,0xB916302D,0x5B74B5B5,0x02390AEB,0xC6631919,0x9B9D9D9D,0x40E79B9B,0xA0A04CE4,
	0xA0A0A0A0,0x65654848,0x65656565,0x0BDD1F91,0x4EA3A32C,0xC7D8CCCC,0x1FCC36D8,0x1FFC62F9,
	0xE8E888B6,0x7AF0F0F0,0xE8F0F0F0,0x1010E1E8,0x3921A1A1,0x9696ECEC,0x69E77379,0xB3B3B3B3,
	0x733EB3B3,0x90591173,0x8AEC7982,0x1159CEDB,0x1111CEDB,0xA93ECECE,0x8BA9A9A9,0x11CE11CE,

	0x5911DB3E,0xA68B3EDB,0x40113EA6,0xCBCE1111,0x1173CE69,0x2121798A,0x7B7B7B1C,0x7B79C1B6,
	0x7B7B7B7B,0x7B7B7B7B,0x7939EC39,0x79C47979,0xECC4C4C4,0x79ECECC4,0x967B7B96,0x79822F82,
	0x82828282,0xBB726696,0x1BA41515,0xC022B8E3,0xD96C6C08,0x52B0B008,0xD4D4D4D4,0xB07C7C7C,
	0x054D6CD9,0xB118F2EE,0x55BCE90D,0x53B83BAC,0x6B00004D,0xBD033026,0x5B742D74,0x02390ABA,
	0x9BC69B43,0x9D44C89D,0xC89B9B9B,0xFDC31A6F,0xDCDCDCBB,0xA0A0A0A0,0x65656565,0xFC4E1F5E,
	0x4EA32CBF,0x36CCCCCC,0x871FF736,0x1FF9FC62,0xE8E8E89B,0xF0F0F0F0,0xF0F0F0F0,0x101EE1E1,
	0x397BA5C8,0x96ECECEC,0x69696D79,0xB3B3C2B3,0xCBCBB3B3,0x82901173,0x73798A2F,0xCE111173,
	0x11113ECE,0xA9CECECE,0x8BA9A9A9,0x111111CE,0x59591D8B,0x1D1DDBDB,0x9073DB8B,0xCB73CE11,

	0x8A7373CB,0x7B7B1C7B,0x7B7B7B7B,0x7B79C6B7,0x7B7B7B7B,0x397B7B7B,0x96965739,0x79969696,
	0x969696EC,0x79ECC496,0x7B7B96EC,0x82966196,0x82828282,0xBBE4FD82,0x15157171,0xB8E38452,
	0x6C085822,0x52B0E384,0xD4D43352,0xB00D7CD4,0x52D452D9,0x4DEEEE1B,0xAC4DBC25,0x85850089,
	0xB500003B,0xB5B92C30,0x5B37B55B,0x020A0A09,0x9B2B2E43,0x4444C8C8,0xC89D9D9D,0x7F7F7EA5,
	0x5EFDF736,0xA0A0DC50,0x65656565,0xFC87C3A0,0xDDA3A3BF,0xCCCCF79E,0x87871FF7,0xF7F9FC62,
	0xE8E8E895,0xE8F0F0F0,0xE8F0F0F0,0x101EE1E1,0x393921A5,0x96EC57EC,0x736D6D8A,0xB3B3C2B3,
	0xCBCBB3B3,0x82901173,0x73117390,0xCECE1173,0xCE113EDB,0xA9DBCE11,0x41A9A9A9,0xC21111DB,
	0x59908BDB,0xA9A9DBDB,0x40733EA9,0x73CE7311,0x7973CECB,0x7B7B7B7B,0x7B7B7B7B,0x7B7B1CC6,

	0x21212121,0x7B7B7B7B,0x96797B7B,0x96969696,0x96969696,0x96969696,0xC4799696,0x8282967B,
	0x82828282,0x4CE4FD82,0xD0313183,0xE36C52D4,0x8C8CE34A,0xB084B0B0,0xD4D4D452,0x84B00D7C,
	0x27D4D484,0xDED55233,0x53031805,0xB8AA553B,0x306B003B,0x5BBD2DEB,0x2C37B55B,0x020A8E09,
	0x9B2E2E43,0x4444C843,0xC8C84444,0x367E4444,0xCC7F7F36,0xA0DC5E14,0x656565A0,0x628735A0,
	0xF9A375BF,0x9E9E1F87,0x8787871F,0x211F6262,0xF0E1E8E8,0x7AF07A7A,0xE8F07A7A,0x101EE1E1,
	0x57393921,0xEC39ECEC,0xCE69738A,0xC2C2C2C2,0xCBCBB3B3,0x82901173,0x3E73CB59,0x1D3E11CB,
	0x11CE8B1D,0xA9CECECE,0xA941A941,0xCB7311C2,0x59598BCE,0xDB8B8BDB,0x4011B7DB,0x73CB7359,
	0x1C79733E,0x7B7B7B7B,0x7B7B7B7B,0x7B7B79C6,0x7B7B7B7B,0x96797B7B,0x7B797979,0xC496EC79,

	0x969696C4,0x96969696,0x96969696,0x8296C496,0x82828282,0x4CE46682,0x06313131,0x6CB05227,
	0x08D96C84,0xD9E3526C,0xD4D4526C,0x6CB00DD4,0x33D4D4B0,0x6CD42727,0xF2AADE85,0x3B23AC8C,
	0xEBA7003B,0x26B5E50B,0x2C5BB52C,0xBE0A8E51,0x2E952E43,0x4444C89B,0x44444444,0x7EC74444,
	0x7F7F7E7E,0x50670B93,0x65A0A0DC,0x87873565,0x6275BF62,0x1F878787,0x87878787,0xC19EF9F9,
	0x7AE8E8E1,0x887A8888,0xE8F0887A,0x101EE1E1,0x39393939,0xEC393939,0x11E76D1C,0xC2C2C2C2,
	0xCB73B3B3,0x82901173,0x3E737311,0x1DCE113E,0x11DB8BDB,0x8BDBCECE,0x8B8BA9A9,0x2FC2CEA9,
	0x59908B8A,0xDB8B1D1D,0x90593E3E,0xCE737359,0x7B7B7973,0x7B7B7B7B,0xB67B7B7B,0x7B7B79B7,
	0x397B7B7B,0xEC96C479,0x969696C4,0x96969696,0x96969696,0x96968296,0x96969696,0x96969696,

	0x82828282,0x31BB4082,0x71313183,0xB0B052D4,0xD984B0B0,0x08FE8CD9,0xD452B084,0xB0B0527C,
	0x33D4D452,0x7C272727,0x84D908D4,0x8C8CAA08,0xEB260000,0x302CBD74,0x0B5B742C,0xBE1A8E8E,
	0x95952BB7,0x44449B9B,0xC8444444,0xC7A54444,0x7F7EA5A5,0x4F5B8F5A,0xA0A050A4,0x87873DA0,
	0x62BF6262,0x8787874E,0x87878787,0xE87E1FF9,0x7A7AE8E8,0x7A7A7A7A,0xE8887A7A,0x101EE1E1,
	0xEC395739,0xEC3939EC,0xCE6D6D1C,0xC2C2C2C2,0x3E73B3C2,0x59117373,0xDBCECB11,0x8BDB11CB,
	0x11C2DB1D,0x5D8B73CE,0xA91DA98B,0x8A8B8BA9,0x11903E82,0xCEC2C2DB,0x82113ECE,0x73CECE90,
	0x7B7B7B79,0x7B7B7B7B,0xB6797979,0xBE1C1C7B,0x7B7B7BB6,0x9696967B,0x96969696,0x96969696,
	0x96969696,0x96968282,0x96969696,0x96969696,0x82828296,0x71E48282,0xD0718383,0x527C527C,

	0xB025B0B0,0x08D9846C,0x52B06CD9,0x52525252,0x333352B0,0x272727D4,0xE9E984B0,0x3B8CAC7D,
	0x0BEBA700,0x4E0BB5BD,0x305B372C,0x211A8E51,0x952E2B43,0x44C89BCF,0x4444A544,0xA5A54444,
	0x7EA5C844,0x5B8F9334,0xDC154FBD,0x878791DC,0x62621487,0x878787DD,0x87878787,0xE8C1CC1F,
	0x7A7A7AE8,0x957A7A7A,0xE8889595,0x101EE1E1,0x39395739,0xEC393939,0xC2696D1C,0xC2C2C2C2,
	0xCB73B3C2,0x8A117373,0xDB733E11,0xA98BCECB,0x11DBDB8B,0xA9A9DBDB,0xA98B8B5D,0xC28B8BA9,
	0xB3401182,0x3EDBDBDB,0x8211DB3E,0x59CE112F,0x7B7B7B79,0x7B7B7B7B,0xB6797B7B,0x7B7B7979,
	0x7BB67B7B,0x7B7B7B7B,0x96EC7979,0x96969696,0x82829696,0x82828282,0x96969696,0x96969696,
	0x82828282,0x15669682,0x7CD07171,0xB07C7C7C,0xB025B0B0,0x846CB00D,0xE9B06C84,0xB0520D0D,

	0xD452B0B0,0xA47C7CD4,0x25E9E9E9,0x008CACF2,0x5BEB3000,0x4E4E37B5,0xEB2C5B26,0xBE1A8E8E,
	0x952E2BB7,0x449D9B95,0x21C7C7A5,0x44C7A5A5,0xC86363C8,0xFB8F9357,0xA4BDBD5B,0x87875E5E,
	0xF9878787,0x87878787,0x1F878787,0xE8E1449E,0x7A7A7AE8,0xCF2E9595,0xE188952E,0x101EE1E1,
	0x39393939,0x79393939,0xC2B36D6D,0xC2C2C2C2,0x3E8AC2C2,0x738A7373,0xB3CBCBCE,0x8B8BC23E,
	0xDB113E1D,0xA98B8B3E,0xA9A91DA9,0x8B8B1D8B,0xDB692FB3,0xCECECE3E,0x9011CBCE,0x7973CE90,
	0x7B7B7B7B,0x79797B7B,0x6D7B7B7B,0x9696C496,0x96969696,0xEC79EC96,0x96969696,0x96969696,
	0x82828282,0x82828282,0x96969696,0x96969696,0x82828296,0x67829682,0x527C7C52,0xB07C7C7C,
	0xE92525B0,0x6CB05252,0xB0E96C6C,0xD45252B0,0x25B0D4D4,0x6CD40DE9,0x25CD270D,0x00FE088C,

	0x37300937,0x4EEB2C37,0x09265B0B,0x7BEC0A0A,0x952BC6B7,0x449BCF95,0x7ED87EC7,0x447ED87E,
	0xA16363C8,0x0B93C56F,0x3BE5745B,0x8714ABE3,0x87878787,0x87878787,0x1F878787,0xE8E82E36,
	0x7A7A7A7A,0x9B9BCF7A,0xE17A95CF,0x2E1EE1E1,0x39393939,0x79393957,0xC269736D,0xC2C2C2C2,
	0xCB11B3C2,0x73117373,0xDB73CB73,0xDB8BC23E,0xDB8A693E,0xA91D5DC2,0xA98BDBA9,0x8B5D1D8B,
	0x3E11C28B,0x73111173,0x59115982,0x7B904011,0x7B7B7B7B,0x96797B7B,0x1C799696,0x797B7B79,
	0x9696EC79,0x96969696,0x82969696,0x82828282,0x82828282,0x96968282,0x82969696,0x96968296,
	0x82829696,0x8AEC82EC,0xB0D2DE8A,0x52D452B0,0xB0256CB0,0xB05252B0,0x6CB0B0B0,0xD45252B0,
	0x527CD433,0x846C5225,0x84CD0DE9,0xC0000808,0x2C260930,0x4EEB0B5B,0x8E0B2C0B,0xBE39EC39,

	0x2E2BC6B6,0xC89BCF95,0x3636D8C7,0xC7D83636,0x636363C8,0x8F5A7FA5,0x00B9745B,0x87BFB900,
	0x87878787,0x87878787,0xCC1F8787,0xE8E8E8C8,0x7A95957A,0x9B9BCF7A,0xE1952E9B,0x2E1EE1E1,
	0x21213921,0x79212121,0xC2B3E76D,0xC28B8B8B,0x6990B3C2,0x73117373,0x3E73CB73,0xCE1DC2B3,
	0xCE3EB3C2,0xA91DA9A9,0x8BC2DB8B,0x8B5DDBDB,0x2F111D1D,0x40117390,0x59115990,0x7B7B8211,
	0xC4797B7B,0x7B7B7B79,0x797BC47B,0xC4969696,0x967BC479,0xC4797979,0x79C479C4,0x969696C4,
	0x82969696,0x82828282,0x96968282,0x8296C496,0x82969682,0xB7797982,0x17961C69,0xD4D4BCAF,
	0x6C848452,0xB0B0B0B0,0x6C6CB0B0,0x337CB0B0,0x7CD4D433,0xE984B052,0x08D9E9E9,0x16008CE9,
	0x262C09EB,0xEBEB4E5B,0xEC4E0B0B,0xB6B61CBE,0xCFC643B7,0x9DCF9595,0x3436D8C7,0x7E34CCCC,

	0xC863C844,0x8F5A7FA5,0x006B74FB,0x87F86B6B,0x87878787,0x87878787,0x361F8787,0x7AE8E82E,
	0x887A957A,0x639BCF95,0xE188CF9B,0x2E1EE1E1,0xA5C8C8C8,0x7B21A5A5,0xC2B3E76D,0xC28B8B8B,
	0x1182B3C2,0x73117311,0xB3CBCB73,0x3E1DDB3E,0x8BDBDBDB,0x1DDB5DA9,0x8BC2B3C2,0x8BC2118B,
	0x8211C21D,0x11CE1159,0x59119011,0x7B7BC459,0x7B7B7B79,0xC4969679,0x797B7979,0x96969679,
	0x82829696,0x82828282,0x82828282,0x82828282,0x82828282,0x82828282,0x96969682,0x82829696,
	0x8296EC96,0xB7797982,0xC9968AB3,0xEEA3F3F4,0xD9086C52,0xB0B0B084,0xB06CB0B0,0xD4D4B06C,
	0x0D7CD4D4,0x0DE9D9D4,0x8484E90D,0xDD770025,0x0B2CEBEB,0x4EEBEB5B,0xBE9E0B0B,0x43B7B702,
	0xCFC6B743,0x9DCF9595,0xCC34D844,0x36CCF79E,0xC8C844A5,0x8F937F6F,0x0000E5A3,0xBFB9813B,

	0x878787F9,0x87878787,0x44F71F87,0x7AE8E8E8,0x7A887A95,0xC8639BCF,0xE1E8CF9B,0xC11EE1E1,
	0xA1A163A1,0x7BA5A5A1,0xC2B3696D,0x8B8B8B8B,0x7382CBC2,0x6D118A79,0x3E737373,0xCECE113E,
	0x1D8BCECE,0x8BC28BA9,0xA9A9428B,0x8B1D118B,0x82111D8B,0x11111159,0x90119011,0x7B7B7990,
	0x79C4797B,0xC479797B,0x791C9696,0xC4C47979,0x96969696,0x969696C4,0x82969696,0x96968296,
	0x82829696,0x82828282,0x82828282,0xEC968282,0x96799696,0xB7797979,0xEC928AB3,0xBAF3F39F,
	0xD9D95249,0xB084846C,0x6CB084B0,0xD4D4526C,0xD47C7CD4,0xE925D96C,0xD9B084E9,0x0926008C,
	0x302C0BEB,0x4E9393A3,0x02348F8F,0xC6C6C6B7,0xCFC643C6,0x9B959595,0xF7CCD844,0x34F71F1F,
	0x6FA5A57E,0x8F937F7E,0xB98C775B,0x2D2DB5E5,0x8787F9BF,0x87878787,0xC1CC1F87,0x7A88E8E8,

	0x957A7A95,0xC844C89B,0xE1E1959B,0xC11EE1E1,0xA121C863,0x1CC8A1A1,0xC2C269E7,0x8B8B8B8B,
	0x8A9073C2,0x73111159,0xB3737373,0x111173CE,0x1D8B5959,0x8B8B8B5D,0x1D1DCBCE,0x1DC2CECB,
	0x9011C2C2,0x11598A82,0x82597373,0x797B7B90,0x96C47B79,0x7B799696,0x8279797B,0x82828282,
	0x82828282,0x82968282,0x82968282,0x82828282,0x82828282,0x82828282,0x96968282,0x82829696,
	0x79969682,0xB7797979,0x82826DB3,0x569FBFAF,0x0852A474,0xD96CB084,0xB052B084,0x7CD4D4B0,
	0x52527C7C,0x25848408,0x08D90DD9,0x26307600,0x302C8F09,0x4E9E9E2C,0x43C54E8F,0xC69B2B2B,
	0xCF9BC6C6,0xCF9595CF,0xF734C79D,0xF79E9E9E,0x367E3634,0xFC4E5A7F,0xA3A3A3BF,0x2DB5375B,
	0xF962A32D,0x87F9F9F9,0x95361F1F,0x957AE8E8,0xCF7A7A95,0xA57EA5C8,0xE1E15F9B,0xC11EE1E1,
};

const unsigned short ffixPal[256] __attribute__((aligned(4))) __attribute__((visibility("hidden")))=
{
	0x0000,0x1DD6,0x6B59,0x14A5,0x36DC,0x39CE,0x0CF3,0x5BBF,
	0x0004,0x56B3,0x6316,0x49CE,0x2529,0x042A,0x435E,0x29F5,
	0x7BBD,0x5F19,0x0021,0x5AD6,0x4A52,0x1CF3,0x318C,0x52B6,
	0x0C64,0x6F59,0x62F6,0x14C9,0x6739,0x637D,0x7BDE,0x5A52,
	0x3A56,0x6B18,0x0842,0x214D,0x0D3A,0x0007,0x45EC,0x0870,
	0x46DB,0x573D,0x123F,0x739C,0x3D8C,0x1CC5,0x77BD,0x5AF7,
	0x4E2E,0x1CD7,0x6F9E,0x0CB0,0x62B5,0x4E74,0x66B6,0x3128,
	0x16BF,0x6717,0x7FFE,0x0001,0x7FFC,0x3A35,0x635B,0x327A,

	0x5AF8,0x73BF,0x5B1A,0x6F5A,0x6F19,0x2190,0x4210,0x0C42,
	0x0DDD,0x2509,0x0488,0x575E,0x1D98,0x1086,0x5631,0x1CC8,
	0x1155,0x5AD4,0x084B,0x31D2,0x4EFC,0x0844,0x4E73,0x66F7,
	0x0422,0x5F18,0x6273,0x3949,0x46B9,0x637F,0x2193,0x7FDF,
	0x3E79,0x5ED7,0x4A10,0x735A,0x7FBB,0x0D9D,0x4E78,0x2D6D,
	0x35F4,0x675B,0x10A7,0x0400,0x0427,0x673A,0x7F9A,0x6F17,
	0x6F9F,0x0C74,0x2D39,0x633A,0x2CE7,0x39AE,0x1084,0x1063,
	0x4631,0x6318,0x77DF,0x6718,0x084C,0x1D2C,0x6AF7,0x6AD4,

	0x3A37,0x0821,0x5EF7,0x0CD6,0x0406,0x2D8D,0x19FC,0x5632,
	0x7BDF,0x18E9,0x6319,0x679E,0x0002,0x3B1D,0x5ED5,0x51EE,
	0x5EF8,0x2D93,0x5EF6,0x6250,0x4276,0x73BE,0x62F7,0x4ED9,
	0x4F1D,0x129F,0x429C,0x737B,0x3109,0x6F3B,0x5E73,0x4A31,
	0x0D9A,0x7359,0x7FDC,0x396B,0x1CEF,0x6F38,0x5F7E,0x2108,
	0x431C,0x67BF,0x35F2,0x2170,0x2D90,0x56B4,0x2A18,0x3DCE,
	0x0428,0x14A7,0x2D4B,0x675C,0x5F3C,0x24E6,0x6B39,0x6B5A,
	0x0843,0x0822,0x5293,0x3598,0x0C68,0x1884,0x6738,0x45AE,

	0x0421,0x779B,0x677D,0x5294,0x62F8,0x62F5,0x6F7B,0x6AF8,
	0x6F39,0x6338,0x0E1E,0x633B,0x6294,0x000C,0x5F3A,0x739D,
	0x0C71,0x35AD,0x210B,0x7FFD,0x0C6D,0x294B,0x0C63,0x4211,
	0x6AD7,0x0005,0x0D16,0x635C,0x1177,0x5251,0x4232,0x6B7F,
	0x31AF,0x7FFF,0x7B79,0x0445,0x4218,0x1463,0x3617,0x673B,
	0x7BFF,0x0008,0x3ADB,0x5671,0x6317,0x56FA,0x35CF,0x4F7E,
	0x77FF,0x4299,0x18C8,0x41EF,0x5AD5,0x190B,0x294A,0x5E74,
	0x1CE7,0x5210,0x4AFC,0x498B,0x4DEF,0x4635,0x0423,0x2D6B,
};

//}}BLOCK(ffix)
